,annual,state,year
0,-0.0425,Alabama,1966
1,0.935833333,Alabama,1967
2,-1.155,Alabama,1968
3,-0.285833333,Alabama,1969
4,-0.109166667,Alabama,1970
5,1.116666667,Alabama,1971
6,0.049166667,Alabama,1972
7,2.388333333,Alabama,1973
8,2.101666667,Alabama,1974
9,4.161666667,Alabama,1975
10,3.0875,Alabama,1976
11,0.480833333,Alabama,1977
12,-0.490833333,Alabama,1978
13,2.295,Alabama,1979
14,0.371666667,Alabama,1980
15,-2.4125,Alabama,1981
16,0.674166667,Alabama,1982
17,2.43,Alabama,1983
18,-0.139166667,Alabama,1984
19,-0.205,Alabama,1985
20,-1.766666667,Alabama,1986
21,-1.0025,Alabama,1987
22,-1.400833333,Alabama,1988
23,1.424166667,Alabama,1989
24,0.144166667,Alabama,1990
25,0.415833333,Alabama,1991
26,0.681666667,Alabama,1992
27,-0.269166667,Alabama,1993
28,0.755833333,Alabama,1994
29,-0.13,Alabama,1995
30,1.8325,Alabama,1996
31,1.926666667,Alabama,1997
32,0.515,Alabama,1998
33,-0.8475,Alabama,1999
34,-3.018333333,Alabama,2000
35,1.0375,Alabama,2001
36,-0.336666667,Alabama,2002
37,2.0575,Alabama,2003
38,0.738333333,Alabama,2004
39,1.304166667,Alabama,2005
40,-2.07,Alabama,2006
41,-3.9525,Alabama,2007
42,-1.68,Alabama,2008
43,2.036666667,Alabama,2009
44,-0.8875,Alabama,2010
45,-2.6525,Alabama,2011
46,-1.121666667,Alabama,2012
47,2.084166667,Alabama,2013
48,0.7075,Alabama,2014
49,-0.553333333,Alabama,2015
50,-1.691666667,Alabama,2016
51,0.873333333,Alabama,2017
52,1.179166667,Alabama,2018
53,0.134166667,Alabama,2019
54,2.5975,Alabama,2020
55,2.164166667,Alabama,2021
56,-0.156666667,Alabama,2022
57,-16.91833333,Alabama,2023
58,2.254166667,Arizona,1966
59,-0.606666667,Arizona,1967
60,0.695833333,Arizona,1968
61,0.215833333,Arizona,1969
62,-0.409166667,Arizona,1970
63,-0.886666667,Arizona,1971
64,-1.435833333,Arizona,1972
65,2.21,Arizona,1973
66,-2.5875,Arizona,1974
67,-1.415833333,Arizona,1975
68,-0.96,Arizona,1976
69,-1.915,Arizona,1977
70,2.998333333,Arizona,1978
71,5.378333333,Arizona,1979
72,1.709166667,Arizona,1980
73,-2.196666667,Arizona,1981
74,0.9825,Arizona,1982
75,4.949166667,Arizona,1983
76,0.318333333,Arizona,1984
77,3.086666667,Arizona,1985
78,-0.241666667,Arizona,1986
79,0.290833333,Arizona,1987
80,0.209166667,Arizona,1988
81,-3.215,Arizona,1989
82,-1.3475,Arizona,1990
83,0.530833333,Arizona,1991
84,3.444166667,Arizona,1992
85,3.324166667,Arizona,1993
86,-0.838333333,Arizona,1994
87,0.630833333,Arizona,1995
88,-4.1375,Arizona,1996
89,-1.864166667,Arizona,1997
90,1.368333333,Arizona,1998
91,-1.2725,Arizona,1999
92,-2.534166667,Arizona,2000
93,-0.1025,Arizona,2001
94,-4.6,Arizona,2002
95,-3.618333333,Arizona,2003
96,-2.030833333,Arizona,2004
97,1.653333333,Arizona,2005
98,-3.385,Arizona,2006
99,-3.9325,Arizona,2007
100,-1.473333333,Arizona,2008
101,-2.695,Arizona,2009
102,0.865,Arizona,2010
103,-2.496666667,Arizona,2011
104,-3.5475,Arizona,2012
105,-2.658333333,Arizona,2013
106,-3.288333333,Arizona,2014
107,-0.5975,Arizona,2015
108,-2.055833333,Arizona,2016
109,-1.7175,Arizona,2017
110,-3.3425,Arizona,2018
111,0.5525,Arizona,2019
112,-0.966666667,Arizona,2020
113,-3.828333333,Arizona,2021
114,-1.568333333,Arizona,2022
115,-15.99166667,Arizona,2023
116,-1.3275,Arkansas,1966
117,0.225833333,Arkansas,1967
118,1.986666667,Arkansas,1968
119,-0.536666667,Arkansas,1969
120,0.120833333,Arkansas,1970
121,-0.839166667,Arkansas,1971
122,-0.789166667,Arkansas,1972
123,3.929166667,Arkansas,1973
124,3.719166667,Arkansas,1974
125,2.674166667,Arkansas,1975
126,-0.486666667,Arkansas,1976
127,-1.34,Arkansas,1977
128,-0.843333333,Arkansas,1978
129,1.960833333,Arkansas,1979
130,-1.380833333,Arkansas,1980
131,-0.504166667,Arkansas,1981
132,0.2925,Arkansas,1982
133,-0.279166667,Arkansas,1983
134,0.976666667,Arkansas,1984
135,-0.221666667,Arkansas,1985
136,-0.245,Arkansas,1986
137,-0.638333333,Arkansas,1987
138,-0.7325,Arkansas,1988
139,1.518333333,Arkansas,1989
140,1.785,Arkansas,1990
141,2.0575,Arkansas,1991
142,0.706666667,Arkansas,1992
143,0.439166667,Arkansas,1993
144,1.495833333,Arkansas,1994
145,-0.710833333,Arkansas,1995
146,-0.000833333,Arkansas,1996
147,2.166666667,Arkansas,1997
148,-0.88,Arkansas,1998
149,-1.641666667,Arkansas,1999
150,-2.060833333,Arkansas,2000
151,-0.043333333,Arkansas,2001
152,0.113333333,Arkansas,2002
153,0.019166667,Arkansas,2003
154,0.6,Arkansas,2004
155,-1.874166667,Arkansas,2005
156,-2.263333333,Arkansas,2006
157,-1.089166667,Arkansas,2007
158,1.941666667,Arkansas,2008
159,3.695,Arkansas,2009
160,-1.069166667,Arkansas,2010
161,-2.273333333,Arkansas,2011
162,-2.493333333,Arkansas,2012
163,0.661666667,Arkansas,2013
164,0.565833333,Arkansas,2014
165,1.424166667,Arkansas,2015
166,1.058333333,Arkansas,2016
167,-0.324166667,Arkansas,2017
168,0.775,Arkansas,2018
169,3.916666667,Arkansas,2019
170,4.135833333,Arkansas,2020
171,1.733333333,Arkansas,2021
172,-0.290833333,Arkansas,2022
173,-16.32916667,Arkansas,2023
174,-1.413333333,California,1966
175,1.679166667,California,1967
176,-0.815,California,1968
177,0.251666667,California,1969
178,-0.420833333,California,1970
179,0.266666667,California,1971
180,-0.861666667,California,1972
181,0.344166667,California,1973
182,0.331666667,California,1974
183,0.65,California,1975
184,-3.214166667,California,1976
185,-3.2475,California,1977
186,1.926666667,California,1978
187,0.453333333,California,1979
188,0.714166667,California,1980
189,-1.021666667,California,1981
190,3.443333333,California,1982
191,6.526666667,California,1983
192,-0.663333333,California,1984
193,-1.206666667,California,1985
194,-0.108333333,California,1986
195,-2.989166667,California,1987
196,-2.1275,California,1988
197,-1.413333333,California,1989
198,-2.988333333,California,1990
199,-2.548333333,California,1991
200,-2.415833333,California,1992
201,1.625,California,1993
202,-1.943333333,California,1994
203,4.181666667,California,1995
204,2.46,California,1996
205,-0.868333333,California,1997
206,4.636666667,California,1998
207,-0.174166667,California,1999
208,-0.519166667,California,2000
209,-2.418333333,California,2001
210,-2.185833333,California,2002
211,0.254166667,California,2003
212,-0.9875,California,2004
213,3.084166667,California,2005
214,0.460833333,California,2006
215,-3.7675,California,2007
216,-3.675833333,California,2008
217,-3.565833333,California,2009
218,1.473333333,California,2010
219,1.709166667,California,2011
220,-1.598333333,California,2012
221,-2.835833333,California,2013
222,-5.756666667,California,2014
223,-4.7975,California,2015
224,-1.383333333,California,2016
225,-0.03,California,2017
226,-2.884166667,California,2018
227,0.704166667,California,2019
228,-2.325833333,California,2020
229,-5.269166667,California,2021
230,-4.308333333,California,2022
231,-14.6075,California,2023
232,-0.143333333,Colorado,1966
233,-0.029166667,Colorado,1967
234,-0.0875,Colorado,1968
235,1.8875,Colorado,1969
236,3.434166667,Colorado,1970
237,1.6725,Colorado,1971
238,-0.908333333,Colorado,1972
239,3.120833333,Colorado,1973
240,-1.045,Colorado,1974
241,-0.118333333,Colorado,1975
242,-0.7825,Colorado,1976
243,-3.925833333,Colorado,1977
244,-2.16,Colorado,1978
245,2.608333333,Colorado,1979
246,0.704166667,Colorado,1980
247,-3.8425,Colorado,1981
248,0.455833333,Colorado,1982
249,3.554166667,Colorado,1983
250,4.554166667,Colorado,1984
251,4.041666667,Colorado,1985
252,3.12,Colorado,1986
253,3.291666667,Colorado,1987
254,0.780833333,Colorado,1988
255,-1.945,Colorado,1989
256,-2.598333333,Colorado,1990
257,-0.199166667,Colorado,1991
258,0.95,Colorado,1992
259,2.4675,Colorado,1993
260,-0.405833333,Colorado,1994
261,2.9425,Colorado,1995
262,1.436666667,Colorado,1996
263,3.119166667,Colorado,1997
264,3.179166667,Colorado,1998
265,1.031666667,Colorado,1999
266,-2.316666667,Colorado,2000
267,-2.675833333,Colorado,2001
268,-6.471666667,Colorado,2002
269,-4.9425,Colorado,2003
270,-1.3625,Colorado,2004
271,0.6975,Colorado,2005
272,-0.463333333,Colorado,2006
273,0.189166667,Colorado,2007
274,0.041666667,Colorado,2008
275,0.671666667,Colorado,2009
276,0.691666667,Colorado,2010
277,-0.146666667,Colorado,2011
278,-4.626666667,Colorado,2012
279,-3.620833333,Colorado,2013
280,0.685,Colorado,2014
281,1.4025,Colorado,2015
282,0.36,Colorado,2016
283,-0.023333333,Colorado,2017
284,-3.335,Colorado,2018
285,0.503333333,Colorado,2019
286,-3.840833333,Colorado,2020
287,-5.0975,Colorado,2021
288,-4.519166667,Colorado,2022
289,-15.29833333,Colorado,2023
290,-4.135,Connecticut,1966
291,-0.313333333,Connecticut,1967
292,-0.930833333,Connecticut,1968
293,-0.180833333,Connecticut,1969
294,-1.105,Connecticut,1970
295,-0.676666667,Connecticut,1971
296,2.289166667,Connecticut,1972
297,2.944166667,Connecticut,1973
298,0.1175,Connecticut,1974
299,1.0825,Connecticut,1975
300,1.376666667,Connecticut,1976
301,0.370833333,Connecticut,1977
302,-0.293333333,Connecticut,1978
303,0.7875,Connecticut,1979
304,-0.833333333,Connecticut,1980
305,-1.479166667,Connecticut,1981
306,-0.031666667,Connecticut,1982
307,0.838333333,Connecticut,1983
308,1.205,Connecticut,1984
309,-0.434166667,Connecticut,1985
310,-0.068333333,Connecticut,1986
311,-0.664166667,Connecticut,1987
312,-0.926666667,Connecticut,1988
313,1.758333333,Connecticut,1989
314,2.345,Connecticut,1990
315,-0.371666667,Connecticut,1991
316,0.673333333,Connecticut,1992
317,0.285833333,Connecticut,1993
318,0.2375,Connecticut,1994
319,-0.855833333,Connecticut,1995
320,2.060833333,Connecticut,1996
321,-0.189166667,Connecticut,1997
322,0.224166667,Connecticut,1998
323,0.0075,Connecticut,1999
324,0.631666667,Connecticut,2000
325,-0.951666667,Connecticut,2001
326,-0.904166667,Connecticut,2002
327,0.818333333,Connecticut,2003
328,-0.0725,Connecticut,2004
329,0.405,Connecticut,2005
330,2.801666667,Connecticut,2006
331,-0.260833333,Connecticut,2007
332,1.92,Connecticut,2008
333,0.8025,Connecticut,2009
334,-0.285,Connecticut,2010
335,1.300833333,Connecticut,2011
336,-1.893333333,Connecticut,2012
337,-0.944166667,Connecticut,2013
338,-1.143333333,Connecticut,2014
339,-2.283333333,Connecticut,2015
340,-3.648333333,Connecticut,2016
341,-2.645,Connecticut,2017
342,1.0775,Connecticut,2018
343,2.455,Connecticut,2019
344,-1.351666667,Connecticut,2020
345,-0.215,Connecticut,2021
346,-1.711666667,Connecticut,2022
347,-16.36,Connecticut,2023
348,-2.679166667,Delaware,1966
349,0.949166667,Delaware,1967
350,-1.745833333,Delaware,1968
351,-0.769166667,Delaware,1969
352,0.2775,Delaware,1970
353,0.6125,Delaware,1971
354,2.7,Delaware,1972
355,-0.045833333,Delaware,1973
356,-0.620833333,Delaware,1974
357,2.05,Delaware,1975
358,-1.134166667,Delaware,1976
359,-1.410833333,Delaware,1977
360,1.330833333,Delaware,1978
361,2.5275,Delaware,1979
362,-0.695833333,Delaware,1980
363,-1.669166667,Delaware,1981
364,-0.3425,Delaware,1982
365,1.490833333,Delaware,1983
366,0.964166667,Delaware,1984
367,-2.748333333,Delaware,1985
368,-2.78,Delaware,1986
369,-2.261666667,Delaware,1987
370,-2.295833333,Delaware,1988
371,2.095,Delaware,1989
372,-0.650833333,Delaware,1990
373,-1.865833333,Delaware,1991
374,-0.515,Delaware,1992
375,0.099166667,Delaware,1993
376,-0.05,Delaware,1994
377,-1.514166667,Delaware,1995
378,2.530833333,Delaware,1996
379,-0.389166667,Delaware,1997
380,-0.628333333,Delaware,1998
381,-1.2775,Delaware,1999
382,0.985,Delaware,2000
383,-0.57,Delaware,2001
384,-1.503333333,Delaware,2002
385,3.586666667,Delaware,2003
386,2.4,Delaware,2004
387,1.041666667,Delaware,2005
388,0.5075,Delaware,2006
389,-1.581666667,Delaware,2007
390,-2.2625,Delaware,2008
391,1.214166667,Delaware,2009
392,-0.560833333,Delaware,2010
393,-2.155,Delaware,2011
394,-1.694166667,Delaware,2012
395,1.155,Delaware,2013
396,0.514166667,Delaware,2014
397,-0.175833333,Delaware,2015
398,-0.14,Delaware,2016
399,-0.376666667,Delaware,2017
400,1.659166667,Delaware,2018
401,-0.143333333,Delaware,2019
402,0.046666667,Delaware,2020
403,-0.175,Delaware,2021
404,-2.384166667,Delaware,2022
405,-18.39166667,Delaware,2023
406,1.758333333,Florida,1966
407,-1.4525,Florida,1967
408,0.441666667,Florida,1968
409,1.878333333,Florida,1969
410,0.065,Florida,1970
411,-1.575833333,Florida,1971
412,-0.145833333,Florida,1972
413,0.469166667,Florida,1973
414,-0.7425,Florida,1974
415,0.191666667,Florida,1975
416,-0.023333333,Florida,1976
417,-1.214166667,Florida,1977
418,0.695833333,Florida,1978
419,1.305,Florida,1979
420,-0.335,Florida,1980
421,-2.740833333,Florida,1981
422,1.386666667,Florida,1982
423,2.698333333,Florida,1983
424,1.055,Florida,1984
425,-1.416666667,Florida,1985
426,-0.839166667,Florida,1986
427,-0.6475,Florida,1987
428,-0.460833333,Florida,1988
429,-1.528333333,Florida,1989
430,-2.166666667,Florida,1990
431,0.805,Florida,1991
432,0.325,Florida,1992
433,-0.451666667,Florida,1993
434,0.989166667,Florida,1994
435,2.153333333,Florida,1995
436,0.629166667,Florida,1996
437,0.424166667,Florida,1997
438,-0.886666667,Florida,1998
439,-2.555,Florida,1999
440,-3.623333333,Florida,2000
441,-3.183333333,Florida,2001
442,-0.204166667,Florida,2002
443,1.474166667,Florida,2003
444,-0.470833333,Florida,2004
445,0.416666667,Florida,2005
446,-2.9075,Florida,2006
447,-5.311666667,Florida,2007
448,-3.218333333,Florida,2008
449,-0.8725,Florida,2009
450,-1.024166667,Florida,2010
451,-4.128333333,Florida,2011
452,-1.508333333,Florida,2012
453,0.681666667,Florida,2013
454,0.755833333,Florida,2014
455,-1.153333333,Florida,2015
456,-0.631666667,Florida,2016
457,-0.4975,Florida,2017
458,0.389166667,Florida,2018
459,-1.3875,Florida,2019
460,-0.134166667,Florida,2020
461,0.215,Florida,2021
462,-0.251666667,Florida,2022
463,-18.0325,Florida,2023
464,2.185,Georgia,1966
465,1.111666667,Georgia,1967
466,-0.9675,Georgia,1968
467,0.600833333,Georgia,1969
468,1.009166667,Georgia,1970
469,1.890833333,Georgia,1971
470,0.8825,Georgia,1972
471,2.28,Georgia,1973
472,1.155833333,Georgia,1974
473,2.935833333,Georgia,1975
474,1.694166667,Georgia,1976
475,-0.0725,Georgia,1977
476,-0.8975,Georgia,1978
477,1.564166667,Georgia,1979
478,-0.26,Georgia,1980
479,-3.210833333,Georgia,1981
480,0.7025,Georgia,1982
481,0.566666667,Georgia,1983
482,0.953333333,Georgia,1984
483,-1.0125,Georgia,1985
484,-1.724166667,Georgia,1986
485,-0.888333333,Georgia,1987
486,-2.530833333,Georgia,1988
487,0.9,Georgia,1989
488,-0.354166667,Georgia,1990
489,0.9875,Georgia,1991
490,1.035833333,Georgia,1992
491,0.159166667,Georgia,1993
492,2,Georgia,1994
493,0.416666667,Georgia,1995
494,0.1025,Georgia,1996
495,0.854166667,Georgia,1997
496,0.085,Georgia,1998
497,-3.0725,Georgia,1999
498,-3.81,Georgia,2000
499,-2.185833333,Georgia,2001
500,-1.9725,Georgia,2002
501,2.276666667,Georgia,2003
502,0.53,Georgia,2004
503,1.405833333,Georgia,2005
504,-2.425,Georgia,2006
505,-4.145,Georgia,2007
506,-2.370833333,Georgia,2008
507,0.7775,Georgia,2009
508,-0.990833333,Georgia,2010
509,-3.865,Georgia,2011
510,-4.186666667,Georgia,2012
511,2.458333333,Georgia,2013
512,0.881666667,Georgia,2014
513,0.0425,Georgia,2015
514,-2.006666667,Georgia,2016
515,-0.61,Georgia,2017
516,0.75,Georgia,2018
517,-0.656666667,Georgia,2019
518,2.095833333,Georgia,2020
519,1.695833333,Georgia,2021
520,-1.3325,Georgia,2022
521,-16.68583333,Georgia,2023
522,-2.8225,Idaho,1966
523,0.41,Idaho,1967
524,0.843333333,Idaho,1968
525,-1.085833333,Idaho,1969
526,1.793333333,Idaho,1970
527,3.303333333,Idaho,1971
528,0.841666667,Idaho,1972
529,-0.65,Idaho,1973
530,-0.56,Idaho,1974
531,2.060833333,Idaho,1975
532,1.5325,Idaho,1976
533,-1.283333333,Idaho,1977
534,1.125833333,Idaho,1978
535,-1.976666667,Idaho,1979
536,0.825833333,Idaho,1980
537,0.785,Idaho,1981
538,3.424166667,Idaho,1982
539,4.303333333,Idaho,1983
540,4.88,Idaho,1984
541,-0.503333333,Idaho,1985
542,0.008333333,Idaho,1986
543,-3.096666667,Idaho,1987
544,-3.865,Idaho,1988
545,-2.123333333,Idaho,1989
546,-1.843333333,Idaho,1990
547,-0.055833333,Idaho,1991
548,-3.108333333,Idaho,1992
549,0.173333333,Idaho,1993
550,-2.160833333,Idaho,1994
551,2.815833333,Idaho,1995
552,3.471666667,Idaho,1996
553,3.191666667,Idaho,1997
554,2.255,Idaho,1998
555,0.1025,Idaho,1999
556,-2.178333333,Idaho,2000
557,-3.979166667,Idaho,2001
558,-2.8925,Idaho,2002
559,-2.9825,Idaho,2003
560,-0.684166667,Idaho,2004
561,0.413333333,Idaho,2005
562,-0.028333333,Idaho,2006
563,-2.574166667,Idaho,2007
564,-1.6675,Idaho,2008
565,0.135,Idaho,2009
566,1.033333333,Idaho,2010
567,1.72,Idaho,2011
568,-0.361666667,Idaho,2012
569,-1.894166667,Idaho,2013
570,-2.1125,Idaho,2014
571,-2.365,Idaho,2015
572,-0.839166667,Idaho,2016
573,0.364166667,Idaho,2017
574,-1.06,Idaho,2018
575,-0.004166667,Idaho,2019
576,-0.723333333,Idaho,2020
577,-3.315,Idaho,2021
578,-2.171666667,Idaho,2022
579,-16.875,Idaho,2023
580,-0.021666667,Illinois,1966
581,0.838333333,Illinois,1967
582,-0.2975,Illinois,1968
583,1.053333333,Illinois,1969
584,2.189166667,Illinois,1970
585,-0.760833333,Illinois,1971
586,0.844166667,Illinois,1972
587,3.361666667,Illinois,1973
588,3.174166667,Illinois,1974
589,1.544166667,Illinois,1975
590,-0.939166667,Illinois,1976
591,-0.740833333,Illinois,1977
592,-0.074166667,Illinois,1978
593,0.486666667,Illinois,1979
594,-0.87,Illinois,1980
595,1.548333333,Illinois,1981
596,3.065,Illinois,1982
597,2.578333333,Illinois,1983
598,1.01,Illinois,1984
599,2.145,Illinois,1985
600,1.604166667,Illinois,1986
601,-1.4,Illinois,1987
602,-2.091666667,Illinois,1988
603,-1.86,Illinois,1989
604,1.915833333,Illinois,1990
605,-1.080833333,Illinois,1991
606,0.083333333,Illinois,1992
607,3.761666667,Illinois,1993
608,-0.3475,Illinois,1994
609,-0.1625,Illinois,1995
610,0.631666667,Illinois,1996
611,-0.1775,Illinois,1997
612,1.4,Illinois,1998
613,0.0825,Illinois,1999
614,-0.01,Illinois,2000
615,0.665,Illinois,2001
616,0.3475,Illinois,2002
617,-0.115833333,Illinois,2003
618,0.793333333,Illinois,2004
619,-1.890833333,Illinois,2005
620,-0.324166667,Illinois,2006
621,-0.541666667,Illinois,2007
622,2.985,Illinois,2008
623,4.705833333,Illinois,2009
624,3.775,Illinois,2010
625,1.275,Illinois,2011
626,-2.3525,Illinois,2012
627,0.425,Illinois,2013
628,1.094166667,Illinois,2014
629,2.731666667,Illinois,2015
630,2.753333333,Illinois,2016
631,0.455,Illinois,2017
632,1.600833333,Illinois,2018
633,4.34,Illinois,2019
634,3.584166667,Illinois,2020
635,1.708333333,Illinois,2021
636,0.435,Illinois,2022
637,-17.275,Illinois,2023
638,-1.203333333,Indiana,1966
639,-0.14,Indiana,1967
640,0.273333333,Indiana,1968
641,0.4575,Indiana,1969
642,0.198333333,Indiana,1970
643,-0.011666667,Indiana,1971
644,0.5325,Indiana,1972
645,2.3,Indiana,1973
646,1.9325,Indiana,1974
647,2.140833333,Indiana,1975
648,0.115833333,Indiana,1976
649,-0.094166667,Indiana,1977
650,1.400833333,Indiana,1978
651,2.511666667,Indiana,1979
652,1.7,Indiana,1980
653,1.076666667,Indiana,1981
654,1.95,Indiana,1982
655,-0.1925,Indiana,1983
656,0.396666667,Indiana,1984
657,0.3075,Indiana,1985
658,0.401666667,Indiana,1986
659,-1.466666667,Indiana,1987
660,-1.5975,Indiana,1988
661,1.714166667,Indiana,1989
662,3.310833333,Indiana,1990
663,-1.4125,Indiana,1991
664,0.215833333,Indiana,1992
665,3.09,Indiana,1993
666,-0.779166667,Indiana,1994
667,-0.736666667,Indiana,1995
668,1.555833333,Indiana,1996
669,1.819166667,Indiana,1997
670,0.34,Indiana,1998
671,-1.36,Indiana,1999
672,-0.2,Indiana,2000
673,0.839166667,Indiana,2001
674,0.6225,Indiana,2002
675,1.220833333,Indiana,2003
676,2.628333333,Indiana,2004
677,-0.475,Indiana,2005
678,1.7525,Indiana,2006
679,-0.1725,Indiana,2007
680,2.614166667,Indiana,2008
681,2.053333333,Indiana,2009
682,-0.734166667,Indiana,2010
683,2.173333333,Indiana,2011
684,-0.674166667,Indiana,2012
685,0.59,Indiana,2013
686,1.816666667,Indiana,2014
687,2.676666667,Indiana,2015
688,2.334166667,Indiana,2016
689,2.175833333,Indiana,2017
690,2.913333333,Indiana,2018
691,4.163333333,Indiana,2019
692,1.223333333,Indiana,2020
693,0.880833333,Indiana,2021
694,0.3,Indiana,2022
695,-17.09833333,Indiana,2023
696,0.4575,Iowa,1966
697,-1.228333333,Iowa,1967
698,0.395,Iowa,1968
699,2.116666667,Iowa,1969
700,0.229166667,Iowa,1970
701,-0.150833333,Iowa,1971
702,1.639166667,Iowa,1972
703,4.333333333,Iowa,1973
704,2.985833333,Iowa,1974
705,-0.096666667,Iowa,1975
706,-1.4925,Iowa,1976
707,-2.049166667,Iowa,1977
708,2.266666667,Iowa,1978
709,2.776666667,Iowa,1979
710,-0.185833333,Iowa,1980
711,0.416666667,Iowa,1981
712,3.130833333,Iowa,1982
713,3.726666667,Iowa,1983
714,2.916666667,Iowa,1984
715,0.635,Iowa,1985
716,2.109166667,Iowa,1986
717,0.295833333,Iowa,1987
718,-2.826666667,Iowa,1988
719,-4.7425,Iowa,1989
720,1.061666667,Iowa,1990
721,1.88,Iowa,1991
722,1.8775,Iowa,1992
723,6.081666667,Iowa,1993
724,3.145833333,Iowa,1994
725,0.389166667,Iowa,1995
726,0.68,Iowa,1996
727,0.4,Iowa,1997
728,1.795,Iowa,1998
729,0.920833333,Iowa,1999
730,-1.063333333,Iowa,2000
731,0.206666667,Iowa,2001
732,-0.2575,Iowa,2002
733,-0.4275,Iowa,2003
734,1.083333333,Iowa,2004
735,-0.358333333,Iowa,2005
736,-0.699166667,Iowa,2006
737,2.4,Iowa,2007
738,4.786666667,Iowa,2008
739,4.424166667,Iowa,2009
740,5.265833333,Iowa,2010
741,1.518333333,Iowa,2011
742,-2.905833333,Iowa,2012
743,-1.205833333,Iowa,2013
744,1.181666667,Iowa,2014
745,3.155833333,Iowa,2015
746,4.159166667,Iowa,2016
747,2.516666667,Iowa,2017
748,2.521666667,Iowa,2018
749,5.125833333,Iowa,2019
750,0.525,Iowa,2020
751,-0.891666667,Iowa,2021
752,-0.783333333,Iowa,2022
753,-17.66333333,Iowa,2023
754,-1.054166667,Kansas,1966
755,-0.694166667,Kansas,1967
756,0.106666667,Kansas,1968
757,2.061666667,Kansas,1969
758,-0.056666667,Kansas,1970
759,0.091666667,Kansas,1971
760,0.354166667,Kansas,1972
761,4.571666667,Kansas,1973
762,3.3275,Kansas,1974
763,0.863333333,Kansas,1975
764,-0.7,Kansas,1976
765,-0.2325,Kansas,1977
766,-0.440833333,Kansas,1978
767,1.315833333,Kansas,1979
768,-0.8125,Kansas,1980
769,-0.628333333,Kansas,1981
770,1.611666667,Kansas,1982
771,0.984166667,Kansas,1983
772,0.363333333,Kansas,1984
773,2.79,Kansas,1985
774,3.158333333,Kansas,1986
775,3.101666667,Kansas,1987
776,-1.029166667,Kansas,1988
777,-1.2675,Kansas,1989
778,-5.55E-17,Kansas,1990
779,-2.1375,Kansas,1991
780,1.604166667,Kansas,1992
781,6.265,Kansas,1993
782,3.468333333,Kansas,1994
783,1.521666667,Kansas,1995
784,0.258333333,Kansas,1996
785,2.630833333,Kansas,1997
786,3.050833333,Kansas,1998
787,2.8025,Kansas,1999
788,-0.296666667,Kansas,2000
789,0.615833333,Kansas,2001
790,-2.449166667,Kansas,2002
791,-1.545833333,Kansas,2003
792,0.24,Kansas,2004
793,1.2825,Kansas,2005
794,-1.8725,Kansas,2006
795,1.869166667,Kansas,2007
796,2.964166667,Kansas,2008
797,3.981666667,Kansas,2009
798,2.785833333,Kansas,2010
799,-1.8375,Kansas,2011
800,-2.761666667,Kansas,2012
801,-2.238333333,Kansas,2013
802,-0.425,Kansas,2014
803,0.9675,Kansas,2015
804,2.190833333,Kansas,2016
805,0.590833333,Kansas,2017
806,-0.688333333,Kansas,2018
807,4.434166667,Kansas,2019
808,1.769166667,Kansas,2020
809,-0.268333333,Kansas,2021
810,-2.844166667,Kansas,2022
811,-19.4125,Kansas,2023
812,-0.128333333,Kentucky,1966
813,0.929166667,Kentucky,1967
814,0.2425,Kentucky,1968
815,-0.588333333,Kentucky,1969
816,0.136666667,Kentucky,1970
817,0.329166667,Kentucky,1971
818,1.551666667,Kentucky,1972
819,2.29,Kentucky,1973
820,2.546666667,Kentucky,1974
821,3.468333333,Kentucky,1975
822,1.533333333,Kentucky,1976
823,0.16,Kentucky,1977
824,1.495833333,Kentucky,1978
825,4.495,Kentucky,1979
826,-1.248333333,Kentucky,1980
827,-0.185,Kentucky,1981
828,0.568333333,Kentucky,1982
829,-0.113333333,Kentucky,1983
830,0.418333333,Kentucky,1984
831,0.138333333,Kentucky,1985
832,-1.956666667,Kentucky,1986
833,-2.276666667,Kentucky,1987
834,-1.741666667,Kentucky,1988
835,3.270833333,Kentucky,1989
836,2.051666667,Kentucky,1990
837,-0.366666667,Kentucky,1991
838,-2.31E-17,Kentucky,1992
839,0.015,Kentucky,1993
840,0.275833333,Kentucky,1994
841,-0.194166667,Kentucky,1995
842,1.9175,Kentucky,1996
843,1.264166667,Kentucky,1997
844,-0.458333333,Kentucky,1998
845,-2.7675,Kentucky,1999
846,-2.570833333,Kentucky,2000
847,-0.395833333,Kentucky,2001
848,0.995,Kentucky,2002
849,2.8175,Kentucky,2003
850,3.069166667,Kentucky,2004
851,-0.921666667,Kentucky,2005
852,-0.076666667,Kentucky,2006
853,-1.344166667,Kentucky,2007
854,-0.276666667,Kentucky,2008
855,0.6975,Kentucky,2009
856,-1.169166667,Kentucky,2010
857,2.430833333,Kentucky,2011
858,-0.810833333,Kentucky,2012
859,2.0175,Kentucky,2013
860,2.225,Kentucky,2014
861,2.635833333,Kentucky,2015
862,1.259166667,Kentucky,2016
863,0.5125,Kentucky,2017
864,3.184166667,Kentucky,2018
865,4.563333333,Kentucky,2019
866,4.383333333,Kentucky,2020
867,3.336666667,Kentucky,2021
868,1.619166667,Kentucky,2022
869,-16.91166667,Kentucky,2023
870,-0.1575,Louisiana,1966
871,-0.276666667,Louisiana,1967
872,0.653333333,Louisiana,1968
873,-0.733333333,Louisiana,1969
874,-1.311666667,Louisiana,1970
875,-0.4575,Louisiana,1971
876,-0.201666667,Louisiana,1972
877,2.591666667,Louisiana,1973
878,3.045,Louisiana,1974
879,2.825,Louisiana,1975
880,-0.398333333,Louisiana,1976
881,0.358333333,Louisiana,1977
882,-0.294166667,Louisiana,1978
883,2.465833333,Louisiana,1979
884,-0.0175,Louisiana,1980
885,-2.794166667,Louisiana,1981
886,-1.085,Louisiana,1982
887,3.3825,Louisiana,1983
888,1.735,Louisiana,1984
889,-0.535,Louisiana,1985
890,-1.335833333,Louisiana,1986
891,0.430833333,Louisiana,1987
892,0.115833333,Louisiana,1988
893,1.47,Louisiana,1989
894,-0.0775,Louisiana,1990
895,3.188333333,Louisiana,1991
896,3.005833333,Louisiana,1992
897,1.0525,Louisiana,1993
898,0.1425,Louisiana,1994
899,-0.109166667,Louisiana,1995
900,-0.175,Louisiana,1996
901,1.635833333,Louisiana,1997
902,0.293333333,Louisiana,1998
903,-1.438333333,Louisiana,1999
904,-3.260833333,Louisiana,2000
905,1.326666667,Louisiana,2001
906,0.175,Louisiana,2002
907,-0.126666667,Louisiana,2003
908,1.148333333,Louisiana,2004
909,-1.533333333,Louisiana,2005
910,-2.249166667,Louisiana,2006
911,-0.365,Louisiana,2007
912,-0.480833333,Louisiana,2008
913,-0.1475,Louisiana,2009
914,-2.156666667,Louisiana,2010
915,-4.575833333,Louisiana,2011
916,-0.685,Louisiana,2012
917,0.07,Louisiana,2013
918,0.334166667,Louisiana,2014
919,0.2825,Louisiana,2015
920,1.080833333,Louisiana,2016
921,0.055,Louisiana,2017
922,-0.503333333,Louisiana,2018
923,2.180833333,Louisiana,2019
924,1.7725,Louisiana,2020
925,1.976666667,Louisiana,2021
926,-0.9225,Louisiana,2022
927,-18.19583333,Louisiana,2023
928,-2.7825,Maine,1966
929,-0.316666667,Maine,1967
930,-1.030833333,Maine,1968
931,1.48,Maine,1969
932,-0.196666667,Maine,1970
933,-0.933333333,Maine,1971
934,1.481666667,Maine,1972
935,3.271666667,Maine,1973
936,2.614166667,Maine,1974
937,-0.600833333,Maine,1975
938,2.4025,Maine,1976
939,2.336666667,Maine,1977
940,-1.356666667,Maine,1978
941,0.633333333,Maine,1979
942,-1.52,Maine,1980
943,0.6925,Maine,1981
944,-0.41,Maine,1982
945,0.6375,Maine,1983
946,1.0725,Maine,1984
947,-1.389166667,Maine,1985
948,0.148333333,Maine,1986
949,-1.330833333,Maine,1987
950,-0.830833333,Maine,1988
951,0.14,Maine,1989
952,1.064166667,Maine,1990
953,0.350833333,Maine,1991
954,-0.3375,Maine,1992
955,-0.0575,Maine,1993
956,0.125,Maine,1994
957,-0.788333333,Maine,1995
958,2.766666667,Maine,1996
959,0.7825,Maine,1997
960,0.475,Maine,1998
961,0.034166667,Maine,1999
962,0.214166667,Maine,2000
963,-3.293333333,Maine,2001
964,-3.0625,Maine,2002
965,-1.1725,Maine,2003
966,-0.788333333,Maine,2004
967,2.69,Maine,2005
968,4.32,Maine,2006
969,2.8775,Maine,2007
970,3.891666667,Maine,2008
971,3.8975,Maine,2009
972,0.874166667,Maine,2010
973,2.375833333,Maine,2011
974,0.27,Maine,2012
975,1.0875,Maine,2013
976,2.129166667,Maine,2014
977,0.253333333,Maine,2015
978,-0.395,Maine,2016
979,0.194166667,Maine,2017
980,0.193333333,Maine,2018
981,2.02,Maine,2019
982,-1.111666667,Maine,2020
983,-0.9275,Maine,2021
984,0.798333333,Maine,2022
985,-14.53,Maine,2023
986,-2.710833333,Maryland,1966
987,-0.15,Maryland,1967
988,-1.251666667,Maryland,1968
989,-0.76,Maryland,1969
990,0.343333333,Maryland,1970
991,0.86,Maryland,1971
992,3.276666667,Maryland,1972
993,1.154166667,Maryland,1973
994,-0.376666667,Maryland,1974
995,2.26,Maryland,1975
996,-0.555,Maryland,1976
997,-1.358333333,Maryland,1977
998,1.3075,Maryland,1978
999,2.726666667,Maryland,1979
1000,-1.053333333,Maryland,1980
1001,-1.899166667,Maryland,1981
1002,-0.2425,Maryland,1982
1003,0.489166667,Maryland,1983
1004,0.8275,Maryland,1984
1005,-0.908333333,Maryland,1985
1006,-2.3875,Maryland,1986
1007,-2.013333333,Maryland,1987
1008,-1.900833333,Maryland,1988
1009,1.589166667,Maryland,1989
1010,0.405,Maryland,1990
1011,-2.179166667,Maryland,1991
1012,-1.17,Maryland,1992
1013,0.2925,Maryland,1993
1014,-0.181666667,Maryland,1994
1015,-1.3975,Maryland,1995
1016,3.23,Maryland,1996
1017,-0.6175,Maryland,1997
1018,0.008333333,Maryland,1998
1019,-1.8625,Maryland,1999
1020,0.740833333,Maryland,2000
1021,-0.788333333,Maryland,2001
1022,-2.623333333,Maryland,2002
1023,3.773333333,Maryland,2003
1024,3.365833333,Maryland,2004
1025,0.508333333,Maryland,2005
1026,-0.093333333,Maryland,2006
1027,-2.02,Maryland,2007
1028,-1.690833333,Maryland,2008
1029,0.9875,Maryland,2009
1030,-0.551666667,Maryland,2010
1031,0.0575,Maryland,2011
1032,-1.393333333,Maryland,2012
1033,0.569166667,Maryland,2013
1034,0.635,Maryland,2014
1035,-0.13,Maryland,2015
1036,-0.124166667,Maryland,2016
1037,-0.695,Maryland,2017
1038,2.634166667,Maryland,2018
1039,0.850833333,Maryland,2019
1040,0.494166667,Maryland,2020
1041,0.175833333,Maryland,2021
1042,-0.415833333,Maryland,2022
1043,-18.32416667,Maryland,2023
1044,-4.0425,Massachusetts,1966
1045,0.195,Massachusetts,1967
1046,-0.380833333,Massachusetts,1968
1047,0.118333333,Massachusetts,1969
1048,-0.659166667,Massachusetts,1970
1049,-1.334166667,Massachusetts,1971
1050,2.238333333,Massachusetts,1972
1051,3.02,Massachusetts,1973
1052,1.636666667,Massachusetts,1974
1053,1.37,Massachusetts,1975
1054,0.085,Massachusetts,1976
1055,0.830833333,Massachusetts,1977
1056,-0.5875,Massachusetts,1978
1057,1.58,Massachusetts,1979
1058,-1.735,Massachusetts,1980
1059,-1.351666667,Massachusetts,1981
1060,0.1925,Massachusetts,1982
1061,1.895,Massachusetts,1983
1062,1.399166667,Massachusetts,1984
1063,-0.519166667,Massachusetts,1985
1064,0.640833333,Massachusetts,1986
1065,0.304166667,Massachusetts,1987
1066,-0.481666667,Massachusetts,1988
1067,1.221666667,Massachusetts,1989
1068,1.770833333,Massachusetts,1990
1069,0.0325,Massachusetts,1991
1070,0.365833333,Massachusetts,1992
1071,0.170833333,Massachusetts,1993
1072,0.064166667,Massachusetts,1994
1073,-0.864166667,Massachusetts,1995
1074,2.844166667,Massachusetts,1996
1075,-0.368333333,Massachusetts,1997
1076,0.343333333,Massachusetts,1998
1077,-0.33,Massachusetts,1999
1078,0.714166667,Massachusetts,2000
1079,-0.615,Massachusetts,2001
1080,-1.554166667,Massachusetts,2002
1081,1.726666667,Massachusetts,2003
1082,0.259166667,Massachusetts,2004
1083,1.189166667,Massachusetts,2005
1084,2.750833333,Massachusetts,2006
1085,0.1225,Massachusetts,2007
1086,2.56,Massachusetts,2008
1087,2.991666667,Massachusetts,2009
1088,0.125,Massachusetts,2010
1089,1.464166667,Massachusetts,2011
1090,-1.490833333,Massachusetts,2012
1091,-0.325833333,Massachusetts,2013
1092,0.479166667,Massachusetts,2014
1093,-0.950833333,Massachusetts,2015
1094,-2.5225,Massachusetts,2016
1095,-0.355,Massachusetts,2017
1096,1.339166667,Massachusetts,2018
1097,2.8225,Massachusetts,2019
1098,-1.313333333,Massachusetts,2020
1099,0.240833333,Massachusetts,2021
1100,-0.738333333,Massachusetts,2022
1101,-15.71916667,Massachusetts,2023
1102,-0.068333333,Michigan,1966
1103,1.609166667,Michigan,1967
1104,1.9475,Michigan,1968
1105,0.778333333,Michigan,1969
1106,-0.073333333,Michigan,1970
1107,-0.5675,Michigan,1971
1108,1.136666667,Michigan,1972
1109,1.269166667,Michigan,1973
1110,1.250833333,Michigan,1974
1111,2.204166667,Michigan,1975
1112,0.0875,Michigan,1976
1113,-1.945,Michigan,1977
1114,0.219166667,Michigan,1978
1115,1.045833333,Michigan,1979
1116,0.596666667,Michigan,1980
1117,1.464166667,Michigan,1981
1118,1.595833333,Michigan,1982
1119,0.929166667,Michigan,1983
1120,-0.093333333,Michigan,1984
1121,2.5575,Michigan,1985
1122,2.471666667,Michigan,1986
1123,-0.79,Michigan,1987
1124,-0.24,Michigan,1988
1125,-0.715,Michigan,1989
1126,1.1125,Michigan,1990
1127,0.9025,Michigan,1991
1128,1.4625,Michigan,1992
1129,2.83,Michigan,1993
1130,1.184166667,Michigan,1994
1131,-0.35,Michigan,1995
1132,1.243333333,Michigan,1996
1133,0.37,Michigan,1997
1134,-1.808333333,Michigan,1998
1135,-2.588333333,Michigan,1999
1136,-0.189166667,Michigan,2000
1137,0.516666667,Michigan,2001
1138,0.0675,Michigan,2002
1139,-1.565833333,Michigan,2003
1140,0.856666667,Michigan,2004
1141,-1.764166667,Michigan,2005
1142,0.7675,Michigan,2006
1143,-1.168333333,Michigan,2007
1144,1.545,Michigan,2008
1145,2.176666667,Michigan,2009
1146,-0.085,Michigan,2010
1147,1.300833333,Michigan,2011
1148,-1.046666667,Michigan,2012
1149,2.193333333,Michigan,2013
1150,2.469166667,Michigan,2014
1151,-0.64,Michigan,2015
1152,0.59,Michigan,2016
1153,2.188333333,Michigan,2017
1154,2.4775,Michigan,2018
1155,3.9375,Michigan,2019
1156,3.586666667,Michigan,2020
1157,0.2525,Michigan,2021
1158,-0.030833333,Michigan,2022
1159,-16.4425,Michigan,2023
1160,1.105833333,Minnesota,1966
1161,-0.584166667,Minnesota,1967
1162,0.900833333,Minnesota,1968
1163,0.801666667,Minnesota,1969
1164,0.426666667,Minnesota,1970
1165,2.195,Minnesota,1971
1166,2.8975,Minnesota,1972
1167,2.263333333,Minnesota,1973
1168,0.536666667,Minnesota,1974
1169,0.54,Minnesota,1975
1170,-2.856666667,Minnesota,1976
1171,-3.050833333,Minnesota,1977
1172,2.3975,Minnesota,1978
1173,3.066666667,Minnesota,1979
1174,-1.154166667,Minnesota,1980
1175,0.108333333,Minnesota,1981
1176,2.43,Minnesota,1982
1177,3.054166667,Minnesota,1983
1178,2.400833333,Minnesota,1984
1179,3.09,Minnesota,1985
1180,3.838333333,Minnesota,1986
1181,-1.808333333,Minnesota,1987
1182,-4.8025,Minnesota,1988
1183,-3.284166667,Minnesota,1989
1184,-0.813333333,Minnesota,1990
1185,1.516666667,Minnesota,1991
1186,2.373333333,Minnesota,1992
1187,3.904166667,Minnesota,1993
1188,3.3075,Minnesota,1994
1189,2.673333333,Minnesota,1995
1190,2.625,Minnesota,1996
1191,2.508333333,Minnesota,1997
1192,0.990833333,Minnesota,1998
1193,2.5,Minnesota,1999
1194,1.7125,Minnesota,2000
1195,0.8975,Minnesota,2001
1196,0.549166667,Minnesota,2002
1197,-0.8325,Minnesota,2003
1198,0.481666667,Minnesota,2004
1199,2.715833333,Minnesota,2005
1200,-0.645833333,Minnesota,2006
1201,-0.939166667,Minnesota,2007
1202,1.465833333,Minnesota,2008
1203,0.6175,Minnesota,2009
1204,1.855,Minnesota,2010
1205,1.695833333,Minnesota,2011
1206,-3.255,Minnesota,2012
1207,0.124166667,Minnesota,2013
1208,0.46,Minnesota,2014
1209,0.259166667,Minnesota,2015
1210,2.999166667,Minnesota,2016
1211,3.425,Minnesota,2017
1212,2.799166667,Minnesota,2018
1213,4.884166667,Minnesota,2019
1214,0.3575,Minnesota,2020
1215,-1.838333333,Minnesota,2021
1216,-0.394166667,Minnesota,2022
1217,-17.66416667,Minnesota,2023
1218,-1.460833333,Mississippi,1966
1219,-0.058333333,Mississippi,1967
1220,-0.0525,Mississippi,1968
1221,-0.87,Mississippi,1969
1222,-0.02,Mississippi,1970
1223,0.863333333,Mississippi,1971
1224,0.0975,Mississippi,1972
1225,2.481666667,Mississippi,1973
1226,3.405833333,Mississippi,1974
1227,3.3575,Mississippi,1975
1228,-0.51,Mississippi,1976
1229,-0.146666667,Mississippi,1977
1230,-0.5275,Mississippi,1978
1231,3.094166667,Mississippi,1979
1232,1.12,Mississippi,1980
1233,-2.600833333,Mississippi,1981
1234,-0.424166667,Mississippi,1982
1235,3.858333333,Mississippi,1983
1236,1.884166667,Mississippi,1984
1237,-0.764166667,Mississippi,1985
1238,-1.814166667,Mississippi,1986
1239,-0.386666667,Mississippi,1987
1240,-0.8925,Mississippi,1988
1241,2.085,Mississippi,1989
1242,0.8375,Mississippi,1990
1243,1.158333333,Mississippi,1991
1244,0.789166667,Mississippi,1992
1245,1.2575,Mississippi,1993
1246,1.123333333,Mississippi,1994
1247,0.015,Mississippi,1995
1248,0.0875,Mississippi,1996
1249,1.805,Mississippi,1997
1250,-0.704166667,Mississippi,1998
1251,-1.735,Mississippi,1999
1252,-3.099166667,Mississippi,2000
1253,1.75,Mississippi,2001
1254,2.275833333,Mississippi,2002
1255,2.975833333,Mississippi,2003
1256,2.458333333,Mississippi,2004
1257,-0.478333333,Mississippi,2005
1258,-1.87,Mississippi,2006
1259,-2.764166667,Mississippi,2007
1260,-0.52,Mississippi,2008
1261,1.988333333,Mississippi,2009
1262,-1.405,Mississippi,2010
1263,-2.519166667,Mississippi,2011
1264,0.006666667,Mississippi,2012
1265,2.256666667,Mississippi,2013
1266,1.033333333,Mississippi,2014
1267,0.098333333,Mississippi,2015
1268,-0.31,Mississippi,2016
1269,0.020833333,Mississippi,2017
1270,0.351666667,Mississippi,2018
1271,2.390833333,Mississippi,2019
1272,3.4275,Mississippi,2020
1273,2.999166667,Mississippi,2021
1274,1.588333333,Mississippi,2022
1275,-16.73,Mississippi,2023
1276,-0.6125,Missouri,1966
1277,0.4825,Missouri,1967
1278,1.37,Missouri,1968
1279,2.270833333,Missouri,1969
1280,1.753333333,Missouri,1970
1281,-1.0525,Missouri,1971
1282,-0.665,Missouri,1972
1283,3.7725,Missouri,1973
1284,3.129166667,Missouri,1974
1285,0.8625,Missouri,1975
1286,-1.466666667,Missouri,1976
1287,-0.575833333,Missouri,1977
1288,0.998333333,Missouri,1978
1289,0.774166667,Missouri,1979
1290,-2.3225,Missouri,1980
1291,0.086666667,Missouri,1981
1292,2.895,Missouri,1982
1293,1.42,Missouri,1983
1294,1.0125,Missouri,1984
1295,3.3725,Missouri,1985
1296,2.033333333,Missouri,1986
1297,-0.2075,Missouri,1987
1298,-0.745,Missouri,1988
1299,-0.14,Missouri,1989
1300,1.840833333,Missouri,1990
1301,-0.378333333,Missouri,1991
1302,0.525833333,Missouri,1992
1303,4.459166667,Missouri,1993
1304,3.508333333,Missouri,1994
1305,1.1375,Missouri,1995
1306,0.844166667,Missouri,1996
1307,1.7575,Missouri,1997
1308,2.129166667,Missouri,1998
1309,0.339166667,Missouri,1999
1310,-1.574166667,Missouri,2000
1311,0.616666667,Missouri,2001
1312,-0.075833333,Missouri,2002
1313,-0.4225,Missouri,2003
1314,1.5025,Missouri,2004
1315,-0.690833333,Missouri,2005
1316,-1.869166667,Missouri,2006
1317,-0.344166667,Missouri,2007
1318,3.725833333,Missouri,2008
1319,4.215,Missouri,2009
1320,3.8975,Missouri,2010
1321,0.601666667,Missouri,2011
1322,-2.6375,Missouri,2012
1323,1.011666667,Missouri,2013
1324,0.4425,Missouri,2014
1325,2.435,Missouri,2015
1326,1.94,Missouri,2016
1327,0.196666667,Missouri,2017
1328,-0.5525,Missouri,2018
1329,3.474166667,Missouri,2019
1330,3.753333333,Missouri,2020
1331,2.231666667,Missouri,2021
1332,0.111666667,Missouri,2022
1333,-17.44083333,Missouri,2023
1334,-0.135,Montana,1966
1335,1.556666667,Montana,1967
1336,1.96,Montana,1968
1337,3.003333333,Montana,1969
1338,1.913333333,Montana,1970
1339,1.8375,Montana,1971
1340,2.095833333,Montana,1972
1341,-0.811666667,Montana,1973
1342,0.514166667,Montana,1974
1343,3.180833333,Montana,1975
1344,2.901666667,Montana,1976
1345,-1.700833333,Montana,1977
1346,3.135,Montana,1978
1347,-0.035833333,Montana,1979
1348,-3.04,Montana,1980
1349,-0.68,Montana,1981
1350,2.425833333,Montana,1982
1351,1.306666667,Montana,1983
1352,-0.25,Montana,1984
1353,-0.4375,Montana,1985
1354,1.903333333,Montana,1986
1355,-0.765833333,Montana,1987
1356,-5.154166667,Montana,1988
1357,-0.275833333,Montana,1989
1358,0.174166667,Montana,1990
1359,-0.066666667,Montana,1991
1360,-2.2875,Montana,1992
1361,1.463333333,Montana,1993
1362,0.49,Montana,1994
1363,2.033333333,Montana,1995
1364,3.635,Montana,1996
1365,2.38,Montana,1997
1366,-0.268333333,Montana,1998
1367,0.6975,Montana,1999
1368,-2.785,Montana,2000
1369,-5.475,Montana,2001
1370,-4.906666667,Montana,2002
1371,-3.25,Montana,2003
1372,-3.921666667,Montana,2004
1373,-1.111666667,Montana,2005
1374,0.040833333,Montana,2006
1375,-0.918333333,Montana,2007
1376,-0.110833333,Montana,2008
1377,0.213333333,Montana,2009
1378,1.388333333,Montana,2010
1379,2.924166667,Montana,2011
1380,-2.218333333,Montana,2012
1381,0.265833333,Montana,2013
1382,1.279166667,Montana,2014
1383,-1.248333333,Montana,2015
1384,-1.115,Montana,2016
1385,0.009166667,Montana,2017
1386,0.484166667,Montana,2018
1387,1.606666667,Montana,2019
1388,1.694166667,Montana,2020
1389,-3.091666667,Montana,2021
1390,-3.875833333,Montana,2022
1391,-18.605,Montana,2023
1392,1.625,Nebraska,1966
1393,-0.213333333,Nebraska,1967
1394,-0.265833333,Nebraska,1968
1395,0.353333333,Nebraska,1969
1396,-0.275833333,Nebraska,1970
1397,1.101666667,Nebraska,1971
1398,0.583333333,Nebraska,1972
1399,3.834166667,Nebraska,1973
1400,0.148333333,Nebraska,1974
1401,-1.511666667,Nebraska,1975
1402,-1.790833333,Nebraska,1976
1403,0.868333333,Nebraska,1977
1404,1.870833333,Nebraska,1978
1405,2.614166667,Nebraska,1979
1406,-0.1625,Nebraska,1980
1407,-1.345833333,Nebraska,1981
1408,1.743333333,Nebraska,1982
1409,4.600833333,Nebraska,1983
1410,4.1825,Nebraska,1984
1411,2.135833333,Nebraska,1985
1412,2.524166667,Nebraska,1986
1413,3.595833333,Nebraska,1987
1414,-0.6675,Nebraska,1988
1415,-3.339166667,Nebraska,1989
1416,-3.335,Nebraska,1990
1417,-2.160833333,Nebraska,1991
1418,1.455,Nebraska,1992
1419,5.750833333,Nebraska,1993
1420,4.773333333,Nebraska,1994
1421,3.9875,Nebraska,1995
1422,2.504166667,Nebraska,1996
1423,2.555,Nebraska,1997
1424,3.225,Nebraska,1998
1425,2.195833333,Nebraska,1999
1426,-1.404166667,Nebraska,2000
1427,0.618333333,Nebraska,2001
1428,-2.78,Nebraska,2002
1429,-3.000833333,Nebraska,2003
1430,-1.7875,Nebraska,2004
1431,-0.274166667,Nebraska,2005
1432,-1.006666667,Nebraska,2006
1433,2.299166667,Nebraska,2007
1434,3.561666667,Nebraska,2008
1435,5.160833333,Nebraska,2009
1436,6.0925,Nebraska,2010
1437,3.019166667,Nebraska,2011
1438,-3.484166667,Nebraska,2012
1439,-3.470833333,Nebraska,2013
1440,0.49,Nebraska,2014
1441,2.61,Nebraska,2015
1442,3.746666667,Nebraska,2016
1443,1.774166667,Nebraska,2017
1444,2.693333333,Nebraska,2018
1445,6.7625,Nebraska,2019
1446,2.846666667,Nebraska,2020
1447,-0.8225,Nebraska,2021
1448,-4.148333333,Nebraska,2022
1449,-19.47583333,Nebraska,2023
1450,-1.965,Nevada,1966
1451,1.36,Nevada,1967
1452,-1.198333333,Nevada,1968
1453,1.471666667,Nevada,1969
1454,0.079166667,Nevada,1970
1455,1.046666667,Nevada,1971
1456,-1.1075,Nevada,1972
1457,1.578333333,Nevada,1973
1458,-0.950833333,Nevada,1974
1459,1.288333333,Nevada,1975
1460,-0.626666667,Nevada,1976
1461,-2.740833333,Nevada,1977
1462,2.8275,Nevada,1978
1463,2.3375,Nevada,1979
1464,2.231666667,Nevada,1980
1465,-1.956666667,Nevada,1981
1466,1.9925,Nevada,1982
1467,6.136666667,Nevada,1983
1468,6.4325,Nevada,1984
1469,-0.409166667,Nevada,1985
1470,-0.274166667,Nevada,1986
1471,-1.144166667,Nevada,1987
1472,-0.3925,Nevada,1988
1473,-2.1075,Nevada,1989
1474,-3.399166667,Nevada,1990
1475,-2.7475,Nevada,1991
1476,-2.411666667,Nevada,1992
1477,1.32,Nevada,1993
1478,-2.030833333,Nevada,1994
1479,2.72,Nevada,1995
1480,-0.278333333,Nevada,1996
1481,0.161666667,Nevada,1997
1482,3.8825,Nevada,1998
1483,-1.21,Nevada,1999
1484,-2.551666667,Nevada,2000
1485,-3.18,Nevada,2001
1486,-4.079166667,Nevada,2002
1487,-4.029166667,Nevada,2003
1488,-1.160833333,Nevada,2004
1489,4.556666667,Nevada,2005
1490,0.746666667,Nevada,2006
1491,-4.2975,Nevada,2007
1492,-3.595833333,Nevada,2008
1493,-2.7225,Nevada,2009
1494,0.423333333,Nevada,2010
1495,1.575,Nevada,2011
1496,-3.755,Nevada,2012
1497,-4.254166667,Nevada,2013
1498,-4.4125,Nevada,2014
1499,-3.754166667,Nevada,2015
1500,-0.375833333,Nevada,2016
1501,1.4,Nevada,2017
1502,-2.484166667,Nevada,2018
1503,1.47,Nevada,2019
1504,-2.9125,Nevada,2020
1505,-4.881666667,Nevada,2021
1506,-2.583333333,Nevada,2022
1507,-13.20083333,Nevada,2023
1508,-2.793333333,New Hampshire,1966
1509,-1.3575,New Hampshire,1967
1510,-0.405,New Hampshire,1968
1511,1.665,New Hampshire,1969
1512,-0.755833333,New Hampshire,1970
1513,-1.153333333,New Hampshire,1971
1514,1.195,New Hampshire,1972
1515,2.388333333,New Hampshire,1973
1516,1.153333333,New Hampshire,1974
1517,0.648333333,New Hampshire,1975
1518,1.679166667,New Hampshire,1976
1519,0.206666667,New Hampshire,1977
1520,-1.114166667,New Hampshire,1978
1521,-0.028333333,New Hampshire,1979
1522,-2.0725,New Hampshire,1980
1523,1.4075,New Hampshire,1981
1524,0.375833333,New Hampshire,1982
1525,0.440833333,New Hampshire,1983
1526,1.123333333,New Hampshire,1984
1527,-1.205,New Hampshire,1985
1528,0.745833333,New Hampshire,1986
1529,0.09,New Hampshire,1987
1530,-0.2925,New Hampshire,1988
1531,0.655833333,New Hampshire,1989
1532,2.03,New Hampshire,1990
1533,-0.005833333,New Hampshire,1991
1534,-0.2475,New Hampshire,1992
1535,-0.3525,New Hampshire,1993
1536,0.11,New Hampshire,1994
1537,-0.894166667,New Hampshire,1995
1538,3.055833333,New Hampshire,1996
1539,2.316666667,New Hampshire,1997
1540,0.189166667,New Hampshire,1998
1541,-0.335,New Hampshire,1999
1542,0.630833333,New Hampshire,2000
1543,-1.749166667,New Hampshire,2001
1544,-2.2225,New Hampshire,2002
1545,-0.165,New Hampshire,2003
1546,0.583333333,New Hampshire,2004
1547,2.645,New Hampshire,2005
1548,4.62,New Hampshire,2006
1549,3.230833333,New Hampshire,2007
1550,4.271666667,New Hampshire,2008
1551,4.039166667,New Hampshire,2009
1552,2.434166667,New Hampshire,2010
1553,2.165,New Hampshire,2011
1554,-0.029166667,New Hampshire,2012
1555,0.820833333,New Hampshire,2013
1556,1.535833333,New Hampshire,2014
1557,0.006666667,New Hampshire,2015
1558,-1.179166667,New Hampshire,2016
1559,0.539166667,New Hampshire,2017
1560,0.7375,New Hampshire,2018
1561,2.3275,New Hampshire,2019
1562,-0.48,New Hampshire,2020
1563,-0.2975,New Hampshire,2021
1564,-0.269166667,New Hampshire,2022
1565,-15.38333333,New Hampshire,2023
1566,-2.8175,New Jersey,1966
1567,0.375833333,New Jersey,1967
1568,-0.911666667,New Jersey,1968
1569,-0.210833333,New Jersey,1969
1570,-0.451666667,New Jersey,1970
1571,0.696666667,New Jersey,1971
1572,2.608333333,New Jersey,1972
1573,1.5475,New Jersey,1973
1574,0.016666667,New Jersey,1974
1575,2.403333333,New Jersey,1975
1576,-0.7725,New Jersey,1976
1577,-0.536666667,New Jersey,1977
1578,1.964166667,New Jersey,1978
1579,2.485833333,New Jersey,1979
1580,-1.070833333,New Jersey,1980
1581,-2.206666667,New Jersey,1981
1582,-0.3975,New Jersey,1982
1583,0.5975,New Jersey,1983
1584,1.164166667,New Jersey,1984
1585,-0.724166667,New Jersey,1985
1586,-0.694166667,New Jersey,1986
1587,0.051666667,New Jersey,1987
1588,-1.209166667,New Jersey,1988
1589,1.24,New Jersey,1989
1590,0.256666667,New Jersey,1990
1591,-1.039166667,New Jersey,1991
1592,-0.525833333,New Jersey,1992
1593,0.114166667,New Jersey,1993
1594,0.12,New Jersey,1994
1595,-1.275833333,New Jersey,1995
1596,2.45,New Jersey,1996
1597,2.004166667,New Jersey,1997
1598,-0.31,New Jersey,1998
1599,-1.696666667,New Jersey,1999
1600,-0.2,New Jersey,2000
1601,-1.0075,New Jersey,2001
1602,-2.515833333,New Jersey,2002
1603,2.476666667,New Jersey,2003
1604,2.175,New Jersey,2004
1605,0.449166667,New Jersey,2005
1606,1.041666667,New Jersey,2006
1607,0.050833333,New Jersey,2007
1608,-0.010833333,New Jersey,2008
1609,1.255,New Jersey,2009
1610,-0.636666667,New Jersey,2010
1611,1.818333333,New Jersey,2011
1612,-1.080833333,New Jersey,2012
1613,0.1475,New Jersey,2013
1614,0.421666667,New Jersey,2014
1615,-0.390833333,New Jersey,2015
1616,-1.940833333,New Jersey,2016
1617,-0.8075,New Jersey,2017
1618,1.988333333,New Jersey,2018
1619,2.325,New Jersey,2019
1620,0.101666667,New Jersey,2020
1621,0.44,New Jersey,2021
1622,-1.705,New Jersey,2022
1623,-17.125,New Jersey,2023
1624,-0.238333333,New Mexico,1966
1625,-1.005833333,New Mexico,1967
1626,0.0825,New Mexico,1968
1627,0.373333333,New Mexico,1969
1628,-0.886666667,New Mexico,1970
1629,-1.015833333,New Mexico,1971
1630,0.404166667,New Mexico,1972
1631,2.14,New Mexico,1973
1632,-0.913333333,New Mexico,1974
1633,1.820833333,New Mexico,1975
1634,-1.781666667,New Mexico,1976
1635,-1.266666667,New Mexico,1977
1636,0.364166667,New Mexico,1978
1637,3.369166667,New Mexico,1979
1638,0.155,New Mexico,1980
1639,-0.970833333,New Mexico,1981
1640,-0.315833333,New Mexico,1982
1641,1.919166667,New Mexico,1983
1642,1.578333333,New Mexico,1984
1643,5.036666667,New Mexico,1985
1644,3.556666667,New Mexico,1986
1645,5.7975,New Mexico,1987
1646,2.6875,New Mexico,1988
1647,-2.173333333,New Mexico,1989
1648,-0.405833333,New Mexico,1990
1649,2.050833333,New Mexico,1991
1650,4.733333333,New Mexico,1992
1651,2.254166667,New Mexico,1993
1652,-0.723333333,New Mexico,1994
1653,-0.753333333,New Mexico,1995
1654,-0.831666667,New Mexico,1996
1655,1.371666667,New Mexico,1997
1656,0.6325,New Mexico,1998
1657,-0.255833333,New Mexico,1999
1658,-2.0275,New Mexico,2000
1659,0.644166667,New Mexico,2001
1660,-3.011666667,New Mexico,2002
1661,-3.535833333,New Mexico,2003
1662,0.383333333,New Mexico,2004
1663,1.239166667,New Mexico,2005
1664,-0.731666667,New Mexico,2006
1665,0.448333333,New Mexico,2007
1666,-0.561666667,New Mexico,2008
1667,-2.2925,New Mexico,2009
1668,0.663333333,New Mexico,2010
1669,-4.25,New Mexico,2011
1670,-4.733333333,New Mexico,2012
1671,-4.090833333,New Mexico,2013
1672,-1.57,New Mexico,2014
1673,1.375,New Mexico,2015
1674,-1.199166667,New Mexico,2016
1675,-0.4125,New Mexico,2017
1676,-3.5425,New Mexico,2018
1677,-1.764166667,New Mexico,2019
1678,-2.838333333,New Mexico,2020
1679,-3.935,New Mexico,2021
1680,-3.865833333,New Mexico,2022
1681,-18.80833333,New Mexico,2023
1682,-2.898333333,New York,1966
1683,-0.256666667,New York,1967
1684,-0.414166667,New York,1968
1685,-0.023333333,New York,1969
1686,-0.320833333,New York,1970
1687,0.000833333,New York,1971
1688,2.299166667,New York,1972
1689,1.294166667,New York,1973
1690,1.58,New York,1974
1691,2.251666667,New York,1975
1692,4.000833333,New York,1976
1693,2.944166667,New York,1977
1694,-0.455,New York,1978
1695,0.890833333,New York,1979
1696,-0.74,New York,1980
1697,-0.375,New York,1981
1698,-0.6975,New York,1982
1699,-0.218333333,New York,1983
1700,1.018333333,New York,1984
1701,-0.455833333,New York,1985
1702,1.255,New York,1986
1703,0.054166667,New York,1987
1704,-1.500833333,New York,1988
1705,0.651666667,New York,1989
1706,2.4925,New York,1990
1707,-1.389166667,New York,1991
1708,0.866666667,New York,1992
1709,0.7075,New York,1993
1710,0.949166667,New York,1994
1711,-1.275,New York,1995
1712,2.871666667,New York,1996
1713,2.48,New York,1997
1714,0.810833333,New York,1998
1715,-1.03,New York,1999
1716,1.324166667,New York,2000
1717,-1.658333333,New York,2001
1718,-0.294166667,New York,2002
1719,1.614166667,New York,2003
1720,2.766666667,New York,2004
1721,2.204166667,New York,2005
1722,2.788333333,New York,2006
1723,2.311666667,New York,2007
1724,2.604166667,New York,2008
1725,1.89,New York,2009
1726,0.405,New York,2010
1727,3.261666667,New York,2011
1728,-0.970833333,New York,2012
1729,1.015,New York,2013
1730,1.331666667,New York,2014
1731,-0.446666667,New York,2015
1732,-0.933333333,New York,2016
1733,1.894166667,New York,2017
1734,2.100833333,New York,2018
1735,3.381666667,New York,2019
1736,-0.299166667,New York,2020
1737,0.753333333,New York,2021
1738,0.839166667,New York,2022
1739,-15.53916667,New York,2023
1740,0.1475,North Carolina,1966
1741,0.515833333,North Carolina,1967
1742,-0.59,North Carolina,1968
1743,0.814166667,North Carolina,1969
1744,-0.934166667,North Carolina,1970
1745,1.460833333,North Carolina,1971
1746,1.830833333,North Carolina,1972
1747,1.161666667,North Carolina,1973
1748,1.325,North Carolina,1974
1749,2.423333333,North Carolina,1975
1750,0.226666667,North Carolina,1976
1751,-0.326666667,North Carolina,1977
1752,0.4375,North Carolina,1978
1753,2.004166667,North Carolina,1979
1754,-0.935,North Carolina,1980
1755,-2.548333333,North Carolina,1981
1756,1.198333333,North Carolina,1982
1757,0.140833333,North Carolina,1983
1758,1.085833333,North Carolina,1984
1759,-0.934166667,North Carolina,1985
1760,-2.900833333,North Carolina,1986
1761,-0.76,North Carolina,1987
1762,-2.3775,North Carolina,1988
1763,2.22,North Carolina,1989
1764,0.675,North Carolina,1990
1765,-0.313333333,North Carolina,1991
1766,0.2875,North Carolina,1992
1767,-0.8275,North Carolina,1993
1768,0.515833333,North Carolina,1994
1769,0.894166667,North Carolina,1995
1770,2.055833333,North Carolina,1996
1771,0.625,North Carolina,1997
1772,0.0475,North Carolina,1998
1773,-1.194166667,North Carolina,1999
1774,-0.953333333,North Carolina,2000
1775,-2.080833333,North Carolina,2001
1776,-2.7875,North Carolina,2002
1777,2.708333333,North Carolina,2003
1778,-0.260833333,North Carolina,2004
1779,-0.015,North Carolina,2005
1780,0.145833333,North Carolina,2006
1781,-3.041666667,North Carolina,2007
1782,-3.970833333,North Carolina,2008
1783,-0.196666667,North Carolina,2009
1784,-0.956666667,North Carolina,2010
1785,-2.464166667,North Carolina,2011
1786,-1.018333333,North Carolina,2012
1787,1.626666667,North Carolina,2013
1788,0.711666667,North Carolina,2014
1789,0.336666667,North Carolina,2015
1790,0.076666667,North Carolina,2016
1791,-0.375833333,North Carolina,2017
1792,1.7475,North Carolina,2018
1793,1.031666667,North Carolina,2019
1794,2.565,North Carolina,2020
1795,0.485,North Carolina,2021
1796,-1.768333333,North Carolina,2022
1797,-17.70916667,North Carolina,2023
1798,3.4,North Dakota,1966
1799,0.085833333,North Dakota,1967
1800,0.4775,North Dakota,1968
1801,0.860833333,North Dakota,1969
1802,1.295,North Dakota,1970
1803,1.773333333,North Dakota,1971
1804,2.965833333,North Dakota,1972
1805,-0.118333333,North Dakota,1973
1806,0.126666667,North Dakota,1974
1807,2.639166667,North Dakota,1975
1808,-0.568333333,North Dakota,1976
1809,-1.2775,North Dakota,1977
1810,2.540833333,North Dakota,1978
1811,1.105833333,North Dakota,1979
1812,-1.3025,North Dakota,1980
1813,-1.539166667,North Dakota,1981
1814,1.555833333,North Dakota,1982
1815,3.230833333,North Dakota,1983
1816,-0.143333333,North Dakota,1984
1817,-0.070833333,North Dakota,1985
1818,2.746666667,North Dakota,1986
1819,0.488333333,North Dakota,1987
1820,-4.555833333,North Dakota,1988
1821,-3.831666667,North Dakota,1989
1822,-3.736666667,North Dakota,1990
1823,-2.8125,North Dakota,1991
1824,-1.875833333,North Dakota,1992
1825,2.476666667,North Dakota,1993
1826,4.991666667,North Dakota,1994
1827,5.999166667,North Dakota,1995
1828,4.755833333,North Dakota,1996
1829,3.750833333,North Dakota,1997
1830,0.654166667,North Dakota,1998
1831,4.398333333,North Dakota,1999
1832,3.271666667,North Dakota,2000
1833,1.506666667,North Dakota,2001
1834,-1.826666667,North Dakota,2002
1835,-0.964166667,North Dakota,2003
1836,0.729166667,North Dakota,2004
1837,1.551666667,North Dakota,2005
1838,-0.856666667,North Dakota,2006
1839,0.015,North Dakota,2007
1840,-0.7275,North Dakota,2008
1841,4.406666667,North Dakota,2009
1842,6.04,North Dakota,2010
1843,6.07,North Dakota,2011
1844,-1.0425,North Dakota,2012
1845,3.2275,North Dakota,2013
1846,3.534166667,North Dakota,2014
1847,-0.075,North Dakota,2015
1848,0.236666667,North Dakota,2016
1849,-1.811666667,North Dakota,2017
1850,-1.51,North Dakota,2018
1851,2.83,North Dakota,2019
1852,2.949166667,North Dakota,2020
1853,-2.4975,North Dakota,2021
1854,2.374166667,North Dakota,2022
1855,-15.50833333,North Dakota,2023
1856,-0.570833333,Ohio,1966
1857,-0.211666667,Ohio,1967
1858,-0.204166667,Ohio,1968
1859,0.549166667,Ohio,1969
1860,0.205833333,Ohio,1970
1861,-0.923333333,Ohio,1971
1862,0.985,Ohio,1972
1863,2.43,Ohio,1973
1864,1.9825,Ohio,1974
1865,2.645,Ohio,1975
1866,0.655,Ohio,1976
1867,-0.078333333,Ohio,1977
1868,-0.0325,Ohio,1978
1869,2.4775,Ohio,1979
1870,3.296666667,Ohio,1980
1871,2.245833333,Ohio,1981
1872,-0.145,Ohio,1982
1873,-0.0525,Ohio,1983
1874,0.073333333,Ohio,1984
1875,-0.745,Ohio,1985
1876,0.474166667,Ohio,1986
1877,-1.590833333,Ohio,1987
1878,-1.995,Ohio,1988
1879,1.586666667,Ohio,1989
1880,3.006666667,Ohio,1990
1881,-2.171666667,Ohio,1991
1882,-0.448333333,Ohio,1992
1883,1.064166667,Ohio,1993
1884,-0.34,Ohio,1994
1885,-0.101666667,Ohio,1995
1886,2.458333333,Ohio,1996
1887,2.821666667,Ohio,1997
1888,0.523333333,Ohio,1998
1889,-2.425833333,Ohio,1999
1890,-0.011666667,Ohio,2000
1891,-0.075833333,Ohio,2001
1892,-0.6075,Ohio,2002
1893,1.8025,Ohio,2003
1894,3.905833333,Ohio,2004
1895,-0.344166667,Ohio,2005
1896,0.883333333,Ohio,2006
1897,-0.074166667,Ohio,2007
1898,0.829166667,Ohio,2008
1899,0.028333333,Ohio,2009
1900,-0.685833333,Ohio,2010
1901,2.974166667,Ohio,2011
1902,-0.214166667,Ohio,2012
1903,1.154166667,Ohio,2013
1904,2.239166667,Ohio,2014
1905,0.9225,Ohio,2015
1906,-0.6925,Ohio,2016
1907,1.270833333,Ohio,2017
1908,3.248333333,Ohio,2018
1909,4.5525,Ohio,2019
1910,1.038333333,Ohio,2020
1911,0.6025,Ohio,2021
1912,1.629166667,Ohio,2022
1913,-16.61416667,Ohio,2023
1914,-2.318333333,Oklahoma,1966
1915,-0.816666667,Oklahoma,1967
1916,1.746666667,Oklahoma,1968
1917,1.185,Oklahoma,1969
1918,-0.499166667,Oklahoma,1970
1919,-0.02,Oklahoma,1971
1920,-0.685,Oklahoma,1972
1921,4.018333333,Oklahoma,1973
1922,3.310833333,Oklahoma,1974
1923,2.691666667,Oklahoma,1975
1924,-1.341666667,Oklahoma,1976
1925,-1.568333333,Oklahoma,1977
1926,-1.775,Oklahoma,1978
1927,0.420833333,Oklahoma,1979
1928,-1.39,Oklahoma,1980
1929,-1.508333333,Oklahoma,1981
1930,1.745833333,Oklahoma,1982
1931,0.8325,Oklahoma,1983
1932,0.13,Oklahoma,1984
1933,3.284166667,Oklahoma,1985
1934,2.424166667,Oklahoma,1986
1935,3.535833333,Oklahoma,1987
1936,0.648333333,Oklahoma,1988
1937,1.28,Oklahoma,1989
1938,0.699166667,Oklahoma,1990
1939,0.066666667,Oklahoma,1991
1940,3.245,Oklahoma,1992
1941,4.543333333,Oklahoma,1993
1942,2.066666667,Oklahoma,1994
1943,1.994166667,Oklahoma,1995
1944,0.048333333,Oklahoma,1996
1945,3.243333333,Oklahoma,1997
1946,0.524166667,Oklahoma,1998
1947,0.865833333,Oklahoma,1999
1948,0.216666667,Oklahoma,2000
1949,-0.591666667,Oklahoma,2001
1950,0.065,Oklahoma,2002
1951,-0.535,Oklahoma,2003
1952,1.055833333,Oklahoma,2004
1953,-0.463333333,Oklahoma,2005
1954,-3.815,Oklahoma,2006
1955,2.584166667,Oklahoma,2007
1956,2.263333333,Oklahoma,2008
1957,0.616666667,Oklahoma,2009
1958,0.108333333,Oklahoma,2010
1959,-3.851666667,Oklahoma,2011
1960,-3.025833333,Oklahoma,2012
1961,-0.67,Oklahoma,2013
1962,-0.381666667,Oklahoma,2014
1963,2.5825,Oklahoma,2015
1964,1.004166667,Oklahoma,2016
1965,0.1825,Oklahoma,2017
1966,0.0825,Oklahoma,2018
1967,4.0425,Oklahoma,2019
1968,3.375,Oklahoma,2020
1969,1.18,Oklahoma,2021
1970,-1.9425,Oklahoma,2022
1971,-16.1975,Oklahoma,2023
1972,-1.9075,Oregon,1966
1973,-1.55,Oregon,1967
1974,-0.830833333,Oregon,1968
1975,-0.315833333,Oregon,1969
1976,-0.168333333,Oregon,1970
1977,2.135833333,Oregon,1971
1978,0.304166667,Oregon,1972
1979,-1.315,Oregon,1973
1980,0.315833333,Oregon,1974
1981,1.213333333,Oregon,1975
1982,-0.474166667,Oregon,1976
1983,-0.956666667,Oregon,1977
1984,0.2025,Oregon,1978
1985,-0.071666667,Oregon,1979
1986,0.131666667,Oregon,1980
1987,0.57,Oregon,1981
1988,3.050833333,Oregon,1982
1989,4.0925,Oregon,1983
1990,3.445,Oregon,1984
1991,-1.331666667,Oregon,1985
1992,-0.395,Oregon,1986
1993,-2.128333333,Oregon,1987
1994,-2.0075,Oregon,1988
1995,-0.508333333,Oregon,1989
1996,-1.401666667,Oregon,1990
1997,-0.1325,Oregon,1991
1998,-3.235,Oregon,1992
1999,0.219166667,Oregon,1993
2000,-1.996666667,Oregon,1994
2001,1.92,Oregon,1995
2002,3.398333333,Oregon,1996
2003,3.115,Oregon,1997
2004,2.46,Oregon,1998
2005,-0.0875,Oregon,1999
2006,-1.535833333,Oregon,2000
2007,-3.323333333,Oregon,2001
2008,-2.698333333,Oregon,2002
2009,-2.6875,Oregon,2003
2010,-1.8375,Oregon,2004
2011,0.129166667,Oregon,2005
2012,-0.141666667,Oregon,2006
2013,-1.550833333,Oregon,2007
2014,-1.339166667,Oregon,2008
2015,-1.700833333,Oregon,2009
2016,1.158333333,Oregon,2010
2017,1.369166667,Oregon,2011
2018,1.3175,Oregon,2012
2019,-1.355833333,Oregon,2013
2020,-1.416666667,Oregon,2014
2021,-2.948333333,Oregon,2015
2022,-1.105833333,Oregon,2016
2023,0.269166667,Oregon,2017
2024,-2.656666667,Oregon,2018
2025,0.011666667,Oregon,2019
2026,-1.961666667,Oregon,2020
2027,-3.521666667,Oregon,2021
2028,-0.835833333,Oregon,2022
2029,-17.455,Oregon,2023
2030,-3.603333333,Pennsylvania,1966
2031,0.3025,Pennsylvania,1967
2032,-1.4125,Pennsylvania,1968
2033,-0.751666667,Pennsylvania,1969
2034,0.34,Pennsylvania,1970
2035,0.211666667,Pennsylvania,1971
2036,2.266666667,Pennsylvania,1972
2037,2.190833333,Pennsylvania,1973
2038,1.778333333,Pennsylvania,1974
2039,2.783333333,Pennsylvania,1975
2040,1.5225,Pennsylvania,1976
2041,0.2925,Pennsylvania,1977
2042,2.239166667,Pennsylvania,1978
2043,2.143333333,Pennsylvania,1979
2044,-0.468333333,Pennsylvania,1980
2045,0.144166667,Pennsylvania,1981
2046,-0.753333333,Pennsylvania,1982
2047,-0.074166667,Pennsylvania,1983
2048,1.373333333,Pennsylvania,1984
2049,-0.2375,Pennsylvania,1985
2050,0.353333333,Pennsylvania,1986
2051,-0.256666667,Pennsylvania,1987
2052,-1.620833333,Pennsylvania,1988
2053,-0.14,Pennsylvania,1989
2054,0.961666667,Pennsylvania,1990
2055,-2.7275,Pennsylvania,1991
2056,-1.15,Pennsylvania,1992
2057,0.798333333,Pennsylvania,1993
2058,2.15,Pennsylvania,1994
2059,-0.91,Pennsylvania,1995
2060,3.285833333,Pennsylvania,1996
2061,2.265833333,Pennsylvania,1997
2062,-0.043333333,Pennsylvania,1998
2063,-1.905,Pennsylvania,1999
2064,0.024166667,Pennsylvania,2000
2065,-1.863333333,Pennsylvania,2001
2066,-1.525,Pennsylvania,2002
2067,2.220833333,Pennsylvania,2003
2068,4.504166667,Pennsylvania,2004
2069,0.1,Pennsylvania,2005
2070,1.176666667,Pennsylvania,2006
2071,0.325,Pennsylvania,2007
2072,0.243333333,Pennsylvania,2008
2073,0.364166667,Pennsylvania,2009
2074,-0.419166667,Pennsylvania,2010
2075,3.404166667,Pennsylvania,2011
2076,-0.135833333,Pennsylvania,2012
2077,0.428333333,Pennsylvania,2013
2078,0.735833333,Pennsylvania,2014
2079,-0.298333333,Pennsylvania,2015
2080,-1.273333333,Pennsylvania,2016
2081,1.163333333,Pennsylvania,2017
2082,4.144166667,Pennsylvania,2018
2083,5.639166667,Pennsylvania,2019
2084,0.439166667,Pennsylvania,2020
2085,-0.113333333,Pennsylvania,2021
2086,0.121666667,Pennsylvania,2022
2087,-16.41666667,Pennsylvania,2023
2088,-3.780833333,Rhode Island,1966
2089,0.3425,Rhode Island,1967
2090,-0.73,Rhode Island,1968
2091,-0.745833333,Rhode Island,1969
2092,-0.035833333,Rhode Island,1970
2093,-0.9525,Rhode Island,1971
2094,2.525,Rhode Island,1972
2095,3.089166667,Rhode Island,1973
2096,0.114166667,Rhode Island,1974
2097,0.7725,Rhode Island,1975
2098,-0.083333333,Rhode Island,1976
2099,0.499166667,Rhode Island,1977
2100,-0.165,Rhode Island,1978
2101,1.811666667,Rhode Island,1979
2102,-0.939166667,Rhode Island,1980
2103,-1.759166667,Rhode Island,1981
2104,0.070833333,Rhode Island,1982
2105,2.129166667,Rhode Island,1983
2106,1.605833333,Rhode Island,1984
2107,-0.2025,Rhode Island,1985
2108,0.420833333,Rhode Island,1986
2109,-0.2625,Rhode Island,1987
2110,-0.7075,Rhode Island,1988
2111,1.640833333,Rhode Island,1989
2112,1.94,Rhode Island,1990
2113,-0.318333333,Rhode Island,1991
2114,0.525833333,Rhode Island,1992
2115,-0.256666667,Rhode Island,1993
2116,-0.541666667,Rhode Island,1994
2117,-1.155833333,Rhode Island,1995
2118,1.6575,Rhode Island,1996
2119,-0.168333333,Rhode Island,1997
2120,0.755,Rhode Island,1998
2121,-0.104166667,Rhode Island,1999
2122,0.690833333,Rhode Island,2000
2123,0.148333333,Rhode Island,2001
2124,-1.315,Rhode Island,2002
2125,1.456666667,Rhode Island,2003
2126,0.156666667,Rhode Island,2004
2127,1.148333333,Rhode Island,2005
2128,3.083333333,Rhode Island,2006
2129,-0.020833333,Rhode Island,2007
2130,1.225833333,Rhode Island,2008
2131,2.431666667,Rhode Island,2009
2132,2.855,Rhode Island,2010
2133,1.2425,Rhode Island,2011
2134,-0.34,Rhode Island,2012
2135,-0.705833333,Rhode Island,2013
2136,-0.0425,Rhode Island,2014
2137,-1.091666667,Rhode Island,2015
2138,-1.341666667,Rhode Island,2016
2139,0.309166667,Rhode Island,2017
2140,1.011666667,Rhode Island,2018
2141,3.409166667,Rhode Island,2019
2142,-0.606666667,Rhode Island,2020
2143,0.401666667,Rhode Island,2021
2144,-0.510833333,Rhode Island,2022
2145,-15.86416667,Rhode Island,2023
2146,1.38,South Carolina,1966
2147,0.831666667,South Carolina,1967
2148,0.134166667,South Carolina,1968
2149,1.405,South Carolina,1969
2150,-0.33,South Carolina,1970
2151,2.1,South Carolina,1971
2152,2.136666667,South Carolina,1972
2153,1.1375,South Carolina,1973
2154,0.2525,South Carolina,1974
2155,2.608333333,South Carolina,1975
2156,1.223333333,South Carolina,1976
2157,-0.783333333,South Carolina,1977
2158,-0.915833333,South Carolina,1978
2159,1.915833333,South Carolina,1979
2160,-0.37,South Carolina,1980
2161,-2.613333333,South Carolina,1981
2162,1.171666667,South Carolina,1982
2163,0.071666667,South Carolina,1983
2164,0.8975,South Carolina,1984
2165,-1.046666667,South Carolina,1985
2166,-1.145,South Carolina,1986
2167,-0.403333333,South Carolina,1987
2168,-1.6925,South Carolina,1988
2169,1.11,South Carolina,1989
2170,-0.593333333,South Carolina,1990
2171,1.111666667,South Carolina,1991
2172,0.461666667,South Carolina,1992
2173,-0.579166667,South Carolina,1993
2174,0.405833333,South Carolina,1994
2175,2.440833333,South Carolina,1995
2176,-0.073333333,South Carolina,1996
2177,1.203333333,South Carolina,1997
2178,0.465,South Carolina,1998
2179,-2.166666667,South Carolina,1999
2180,-1.988333333,South Carolina,2000
2181,-2.8625,South Carolina,2001
2182,-3.059166667,South Carolina,2002
2183,1.291666667,South Carolina,2003
2184,-0.514166667,South Carolina,2004
2185,0.16,South Carolina,2005
2186,-0.695,South Carolina,2006
2187,-2.271666667,South Carolina,2007
2188,-1.923333333,South Carolina,2008
2189,0.069166667,South Carolina,2009
2190,-1.360833333,South Carolina,2010
2191,-4.050833333,South Carolina,2011
2192,-1.6925,South Carolina,2012
2193,0.983333333,South Carolina,2013
2194,0.081666667,South Carolina,2014
2195,0.303333333,South Carolina,2015
2196,-0.4925,South Carolina,2016
2197,-0.105833333,South Carolina,2017
2198,0.201666667,South Carolina,2018
2199,-1.098333333,South Carolina,2019
2200,2.406666667,South Carolina,2020
2201,0.37,South Carolina,2021
2202,-1.181666667,South Carolina,2022
2203,-16.09333333,South Carolina,2023
2204,0.875833333,South Dakota,1966
2205,-0.163333333,South Dakota,1967
2206,0.889166667,South Dakota,1968
2207,0.165833333,South Dakota,1969
2208,0.165833333,South Dakota,1970
2209,1.770833333,South Dakota,1971
2210,3.614166667,South Dakota,1972
2211,2.7925,South Dakota,1973
2212,-1.683333333,South Dakota,1974
2213,-0.03,South Dakota,1975
2214,-2.690833333,South Dakota,1976
2215,0.395833333,South Dakota,1977
2216,3.374166667,South Dakota,1978
2217,1.453333333,South Dakota,1979
2218,-2.743333333,South Dakota,1980
2219,-3.001666667,South Dakota,1981
2220,2.3775,South Dakota,1982
2221,4.835,South Dakota,1983
2222,4.575833333,South Dakota,1984
2223,0.495833333,South Dakota,1985
2224,4.1025,South Dakota,1986
2225,0.3225,South Dakota,1987
2226,-3.201666667,South Dakota,1988
2227,-3.29,South Dakota,1989
2228,-2.458333333,South Dakota,1990
2229,-0.4625,South Dakota,1991
2230,0.695,South Dakota,1992
2231,4.593333333,South Dakota,1993
2232,4.780833333,South Dakota,1994
2233,5.789166667,South Dakota,1995
2234,5.694166667,South Dakota,1996
2235,7.185833333,South Dakota,1997
2236,4.985,South Dakota,1998
2237,6.124166667,South Dakota,1999
2238,2.705,South Dakota,2000
2239,1.363333333,South Dakota,2001
2240,-2.465833333,South Dakota,2002
2241,-2.310833333,South Dakota,2003
2242,-0.6275,South Dakota,2004
2243,-0.1575,South Dakota,2005
2244,-0.321666667,South Dakota,2006
2245,0.545833333,South Dakota,2007
2246,1.980833333,South Dakota,2008
2247,5.515833333,South Dakota,2009
2248,7.381666667,South Dakota,2010
2249,5.049166667,South Dakota,2011
2250,-2.8325,South Dakota,2012
2251,1.195,South Dakota,2013
2252,5.0525,South Dakota,2014
2253,3.478333333,South Dakota,2015
2254,2.660833333,South Dakota,2016
2255,-0.145833333,South Dakota,2017
2256,1.2925,South Dakota,2018
2257,7.125,South Dakota,2019
2258,5.085,South Dakota,2020
2259,-1.224166667,South Dakota,2021
2260,-0.505,South Dakota,2022
2261,-15.24666667,South Dakota,2023
2262,-1.11,Tennessee,1966
2263,1.239166667,Tennessee,1967
2264,-0.99,Tennessee,1968
2265,-1.179166667,Tennessee,1969
2266,0.056666667,Tennessee,1970
2267,0.184166667,Tennessee,1971
2268,1.226666667,Tennessee,1972
2269,3.875,Tennessee,1973
2270,3.675,Tennessee,1974
2271,3.655833333,Tennessee,1975
2272,1.275833333,Tennessee,1976
2273,0.100833333,Tennessee,1977
2274,-0.2825,Tennessee,1978
2275,3.1825,Tennessee,1979
2276,0.334166667,Tennessee,1980
2277,-0.519166667,Tennessee,1981
2278,0.411666667,Tennessee,1982
2279,-0.0825,Tennessee,1983
2280,0.974166667,Tennessee,1984
2281,-0.513333333,Tennessee,1985
2282,-2.3775,Tennessee,1986
2283,-2.38,Tennessee,1987
2284,-1.806666667,Tennessee,1988
2285,3.485833333,Tennessee,1989
2286,2.278333333,Tennessee,1990
2287,2.2225,Tennessee,1991
2288,0.52,Tennessee,1992
2289,-0.74,Tennessee,1993
2290,2.210833333,Tennessee,1994
2291,0.410833333,Tennessee,1995
2292,2.025833333,Tennessee,1996
2293,3.3775,Tennessee,1997
2294,1.0875,Tennessee,1998
2295,-1.069166667,Tennessee,1999
2296,-2.4975,Tennessee,2000
2297,-0.129166667,Tennessee,2001
2298,0.68,Tennessee,2002
2299,3.156666667,Tennessee,2003
2300,2.851666667,Tennessee,2004
2301,-0.594166667,Tennessee,2005
2302,-1.545,Tennessee,2006
2303,-3.4775,Tennessee,2007
2304,-2.6525,Tennessee,2008
2305,0.673333333,Tennessee,2009
2306,-0.6175,Tennessee,2010
2307,1.195833333,Tennessee,2011
2308,-1.020833333,Tennessee,2012
2309,2.6075,Tennessee,2013
2310,2.23,Tennessee,2014
2311,1.9625,Tennessee,2015
2312,-1.109166667,Tennessee,2016
2313,0.895833333,Tennessee,2017
2314,2.931666667,Tennessee,2018
2315,4.280833333,Tennessee,2019
2316,4.5425,Tennessee,2020
2317,3.1975,Tennessee,2021
2318,0.1425,Tennessee,2022
2319,-16.495,Tennessee,2023
2320,0.375833333,Texas,1966
2321,-2.129166667,Texas,1967
2322,3.449166667,Texas,1968
2323,2.864166667,Texas,1969
2324,0.9075,Texas,1970
2325,-1.3475,Texas,1971
2326,0.056666667,Texas,1972
2327,2.534166667,Texas,1973
2328,0.518333333,Texas,1974
2329,2.6525,Texas,1975
2330,0.331666667,Texas,1976
2331,-0.044166667,Texas,1977
2332,-1.395,Texas,1978
2333,1.549166667,Texas,1979
2334,-1.2575,Texas,1980
2335,0.529166667,Texas,1981
2336,-0.163333333,Texas,1982
2337,0.753333333,Texas,1983
2338,-0.8875,Texas,1984
2339,2.205833333,Texas,1985
2340,0.509166667,Texas,1986
2341,2.838333333,Texas,1987
2342,-1.104166667,Texas,1988
2343,-1.445833333,Texas,1989
2344,0.2925,Texas,1990
2345,1.5475,Texas,1991
2346,5.203333333,Texas,1992
2347,2.233333333,Texas,1993
2348,-0.443333333,Texas,1994
2349,1.28,Texas,1995
2350,-1.400833333,Texas,1996
2351,2.803333333,Texas,1997
2352,0.535833333,Texas,1998
2353,0.061666667,Texas,1999
2354,-2.61,Texas,2000
2355,0.2475,Texas,2001
2356,0.174166667,Texas,2002
2357,-0.399166667,Texas,2003
2358,2.115833333,Texas,2004
2359,0.225833333,Texas,2005
2360,-2.879166667,Texas,2006
2361,2.0375,Texas,2007
2362,-2.064166667,Texas,2008
2363,-2.251666667,Texas,2009
2364,1.214166667,Texas,2010
2365,-5.658333333,Texas,2011
2366,-4.068333333,Texas,2012
2367,-3.9725,Texas,2013
2368,-2.498333333,Texas,2014
2369,3.360833333,Texas,2015
2370,2.806666667,Texas,2016
2371,-0.86,Texas,2017
2372,-0.633333333,Texas,2018
2373,2.024166667,Texas,2019
2374,-1.794166667,Texas,2020
2375,-0.711666667,Texas,2021
2376,-4.469166667,Texas,2022
2377,-19.87333333,Texas,2023
2378,-0.205,Utah,1966
2379,0.59,Utah,1967
2380,0.833333333,Utah,1968
2381,2.014166667,Utah,1969
2382,-0.103333333,Utah,1970
2383,0.29,Utah,1971
2384,-0.6925,Utah,1972
2385,3.8975,Utah,1973
2386,-1.694166667,Utah,1974
2387,0.215833333,Utah,1975
2388,-1.333333333,Utah,1976
2389,-4.7575,Utah,1977
2390,1.600833333,Utah,1978
2391,1.329166667,Utah,1979
2392,2.8175,Utah,1980
2393,-1.148333333,Utah,1981
2394,2.956666667,Utah,1982
2395,6.24,Utah,1983
2396,6.0675,Utah,1984
2397,4.105833333,Utah,1985
2398,2.5875,Utah,1986
2399,-0.5475,Utah,1987
2400,-0.47,Utah,1988
2401,-3.186666667,Utah,1989
2402,-4.630833333,Utah,1990
2403,-2.7,Utah,1991
2404,-1.554166667,Utah,1992
2405,2.290833333,Utah,1993
2406,-0.8325,Utah,1994
2407,2.050833333,Utah,1995
2408,-0.971666667,Utah,1996
2409,3.048333333,Utah,1997
2410,4.209166667,Utah,1998
2411,1.4625,Utah,1999
2412,-2.67,Utah,2000
2413,-2.093333333,Utah,2001
2414,-4.426666667,Utah,2002
2415,-4.426666667,Utah,2003
2416,-1.418333333,Utah,2004
2417,3.240833333,Utah,2005
2418,-0.630833333,Utah,2006
2419,-2.41,Utah,2007
2420,-1.67,Utah,2008
2421,-1.474166667,Utah,2009
2422,0.711666667,Utah,2010
2423,3.585833333,Utah,2011
2424,-3.305833333,Utah,2012
2425,-3.375,Utah,2013
2426,-2.710833333,Utah,2014
2427,-2.3925,Utah,2015
2428,-0.91,Utah,2016
2429,-0.264166667,Utah,2017
2430,-2.990833333,Utah,2018
2431,1.815833333,Utah,2019
2432,-2.640833333,Utah,2020
2433,-4.92,Utah,2021
2434,-3.4175,Utah,2022
2435,-14.3175,Utah,2023
2436,-1.809166667,Vermont,1966
2437,-0.569166667,Vermont,1967
2438,-0.295,Vermont,1968
2439,1.315,Vermont,1969
2440,-1.031666667,Vermont,1970
2441,-0.176666667,Vermont,1971
2442,1.245833333,Vermont,1972
2443,2.8375,Vermont,1973
2444,2.609166667,Vermont,1974
2445,0.613333333,Vermont,1975
2446,2.926666667,Vermont,1976
2447,0.269166667,Vermont,1977
2448,-0.49,Vermont,1978
2449,-0.675833333,Vermont,1979
2450,-2.271666667,Vermont,1980
2451,0.904166667,Vermont,1981
2452,-0.626666667,Vermont,1982
2453,1.515833333,Vermont,1983
2454,0.651666667,Vermont,1984
2455,-0.730833333,Vermont,1985
2456,1.178333333,Vermont,1986
2457,-0.033333333,Vermont,1987
2458,-1.501666667,Vermont,1988
2459,0.635833333,Vermont,1989
2460,2.6725,Vermont,1990
2461,-0.3325,Vermont,1991
2462,-0.215833333,Vermont,1992
2463,0.030833333,Vermont,1993
2464,0.4375,Vermont,1994
2465,-1.150833333,Vermont,1995
2466,2.760833333,Vermont,1996
2467,2.309166667,Vermont,1997
2468,1.746666667,Vermont,1998
2469,-0.243333333,Vermont,1999
2470,1.9525,Vermont,2000
2471,-1.574166667,Vermont,2001
2472,-0.24,Vermont,2002
2473,0.300833333,Vermont,2003
2474,1.62,Vermont,2004
2475,1.844166667,Vermont,2005
2476,3.606666667,Vermont,2006
2477,3.15,Vermont,2007
2478,4.2375,Vermont,2008
2479,3.230833333,Vermont,2009
2480,1.999166667,Vermont,2010
2481,3.470833333,Vermont,2011
2482,-1.506666667,Vermont,2012
2483,0.990833333,Vermont,2013
2484,0.9575,Vermont,2014
2485,-0.465,Vermont,2015
2486,-0.8525,Vermont,2016
2487,0.2925,Vermont,2017
2488,0.024166667,Vermont,2018
2489,2.428333333,Vermont,2019
2490,-0.294166667,Vermont,2020
2491,-0.8275,Vermont,2021
2492,-0.094166667,Vermont,2022
2493,-15.47333333,Vermont,2023
2494,-2.140833333,Virginia,1966
2495,-0.293333333,Virginia,1967
2496,-1.253333333,Virginia,1968
2497,-0.215,Virginia,1969
2498,-1.344166667,Virginia,1970
2499,0.836666667,Virginia,1971
2500,2.860833333,Virginia,1972
2501,1.379166667,Virginia,1973
2502,0.790833333,Virginia,1974
2503,2.410833333,Virginia,1975
2504,-0.534166667,Virginia,1976
2505,-1.219166667,Virginia,1977
2506,1.483333333,Virginia,1978
2507,2.521666667,Virginia,1979
2508,-1.1975,Virginia,1980
2509,-2.8225,Virginia,1981
2510,0.610833333,Virginia,1982
2511,0.194166667,Virginia,1983
2512,0.805833333,Virginia,1984
2513,-0.733333333,Virginia,1985
2514,-2.5725,Virginia,1986
2515,-0.373333333,Virginia,1987
2516,-1.861666667,Virginia,1988
2517,2.098333333,Virginia,1989
2518,0.725,Virginia,1990
2519,-1.179166667,Virginia,1991
2520,0.451666667,Virginia,1992
2521,-0.003333333,Virginia,1993
2522,0.164166667,Virginia,1994
2523,-0.266666667,Virginia,1995
2524,2.6425,Virginia,1996
2525,-0.520833333,Virginia,1997
2526,0.134166667,Virginia,1998
2527,-2.110833333,Virginia,1999
2528,-0.034166667,Virginia,2000
2529,-1.0175,Virginia,2001
2530,-2.235833333,Virginia,2002
2531,4.3675,Virginia,2003
2532,3.365,Virginia,2004
2533,-0.974166667,Virginia,2005
2534,0.045833333,Virginia,2006
2535,-2.046666667,Virginia,2007
2536,-2.6525,Virginia,2008
2537,0.783333333,Virginia,2009
2538,-0.52,Virginia,2010
2539,0.365833333,Virginia,2011
2540,-1.114166667,Virginia,2012
2541,1.755,Virginia,2013
2542,0.929166667,Virginia,2014
2543,0.855,Virginia,2015
2544,0.925833333,Virginia,2016
2545,-0.574166667,Virginia,2017
2546,2.498333333,Virginia,2018
2547,3.638333333,Virginia,2019
2548,3.191666667,Virginia,2020
2549,0.194166667,Virginia,2021
2550,-0.39,Virginia,2022
2551,-16.78,Virginia,2023
2552,-0.855,Washington,1966
2553,-0.250833333,Washington,1967
2554,1.2225,Washington,1968
2555,-0.746666667,Washington,1969
2556,-0.91,Washington,1970
2557,1.704166667,Washington,1971
2558,2.165,Washington,1972
2559,-1.154166667,Washington,1973
2560,1.7,Washington,1974
2561,0.603333333,Washington,1975
2562,0.5875,Washington,1976
2563,-0.945,Washington,1977
2564,-0.0375,Washington,1978
2565,-2.065,Washington,1979
2566,0.695833333,Washington,1980
2567,1.135833333,Washington,1981
2568,1.9875,Washington,1982
2569,2.423333333,Washington,1983
2570,2.350833333,Washington,1984
2571,-2.065833333,Washington,1985
2572,-1.400833333,Washington,1986
2573,-2.334166667,Washington,1987
2574,-2.025833333,Washington,1988
2575,-1.426666667,Washington,1989
2576,1.2125,Washington,1990
2577,0.696666667,Washington,1991
2578,-2.645833333,Washington,1992
2579,-0.713333333,Washington,1993
2580,-1.580833333,Washington,1994
2581,1.165833333,Washington,1995
2582,2.719166667,Washington,1996
2583,3.613333333,Washington,1997
2584,-0.500833333,Washington,1998
2585,1.775,Washington,1999
2586,-0.373333333,Washington,2000
2587,-0.571666667,Washington,2001
2588,-0.284166667,Washington,2002
2589,-1.030833333,Washington,2003
2590,-1.896666667,Washington,2004
2591,-0.269166667,Washington,2005
2592,-0.166666667,Washington,2006
2593,-0.805,Washington,2007
2594,-1.154166667,Washington,2008
2595,-1.065,Washington,2009
2596,1.238333333,Washington,2010
2597,1.626666667,Washington,2011
2598,1.93,Washington,2012
2599,-0.0675,Washington,2013
2600,0.168333333,Washington,2014
2601,-1.748333333,Washington,2015
2602,0.1975,Washington,2016
2603,0.420833333,Washington,2017
2604,-1.351666667,Washington,2018
2605,-2.65,Washington,2019
2606,0.311666667,Washington,2020
2607,-0.776666667,Washington,2021
2608,0.3675,Washington,2022
2609,-18.73166667,Washington,2023
2610,-2.551666667,West Virginia,1966
2611,-0.098333333,West Virginia,1967
2612,-0.994166667,West Virginia,1968
2613,-0.951666667,West Virginia,1969
2614,-0.375,West Virginia,1970
2615,0.265833333,West Virginia,1971
2616,2.308333333,West Virginia,1972
2617,2.296666667,West Virginia,1973
2618,2.004166667,West Virginia,1974
2619,2.140833333,West Virginia,1975
2620,-0.15,West Virginia,1976
2621,-0.4125,West Virginia,1977
2622,0.109166667,West Virginia,1978
2623,3.023333333,West Virginia,1979
2624,1.505,West Virginia,1980
2625,-0.2625,West Virginia,1981
2626,0.324166667,West Virginia,1982
2627,-0.190833333,West Virginia,1983
2628,0.619166667,West Virginia,1984
2629,-0.515,West Virginia,1985
2630,-0.434166667,West Virginia,1986
2631,-1.3625,West Virginia,1987
2632,-2.270833333,West Virginia,1988
2633,2.348333333,West Virginia,1989
2634,1.901666667,West Virginia,1990
2635,-1.09,West Virginia,1991
2636,-0.295,West Virginia,1992
2637,-0.069166667,West Virginia,1993
2638,1.946666667,West Virginia,1994
2639,-0.484166667,West Virginia,1995
2640,3.334166667,West Virginia,1996
2641,2.368333333,West Virginia,1997
2642,-0.165,West Virginia,1998
2643,-3.759166667,West Virginia,1999
2644,-0.794166667,West Virginia,2000
2645,-0.921666667,West Virginia,2001
2646,0.313333333,West Virginia,2002
2647,3.275833333,West Virginia,2003
2648,4.2975,West Virginia,2004
2649,-0.636666667,West Virginia,2005
2650,-0.556666667,West Virginia,2006
2651,-1.335,West Virginia,2007
2652,0.311666667,West Virginia,2008
2653,0.874166667,West Virginia,2009
2654,-0.7575,West Virginia,2010
2655,1.346666667,West Virginia,2011
2656,-0.295833333,West Virginia,2012
2657,0.703333333,West Virginia,2013
2658,0.21,West Virginia,2014
2659,0.385,West Virginia,2015
2660,-0.395833333,West Virginia,2016
2661,0.214166667,West Virginia,2017
2662,3.235833333,West Virginia,2018
2663,3.509166667,West Virginia,2019
2664,2.7175,West Virginia,2020
2665,0.2075,West Virginia,2021
2666,0.828333333,West Virginia,2022
2667,-17.1025,West Virginia,2023
2668,1.49E-16,Wisconsin,1966
2669,0.2975,Wisconsin,1967
2670,1.681666667,Wisconsin,1968
2671,-0.374166667,Wisconsin,1969
2672,-0.516666667,Wisconsin,1970
2673,0.1325,Wisconsin,1971
2674,1.6025,Wisconsin,1972
2675,1.105833333,Wisconsin,1973
2676,-0.039166667,Wisconsin,1974
2677,0.173333333,Wisconsin,1975
2678,-1.911666667,Wisconsin,1976
2679,-2.94,Wisconsin,1977
2680,2.188333333,Wisconsin,1978
2681,2.955833333,Wisconsin,1979
2682,1.023333333,Wisconsin,1980
2683,1.581666667,Wisconsin,1981
2684,1.903333333,Wisconsin,1982
2685,2.716666667,Wisconsin,1983
2686,2.173333333,Wisconsin,1984
2687,2.370833333,Wisconsin,1985
2688,2.240833333,Wisconsin,1986
2689,-0.775833333,Wisconsin,1987
2690,-2.430833333,Wisconsin,1988
2691,-2.746666667,Wisconsin,1989
2692,0.838333333,Wisconsin,1990
2693,2.168333333,Wisconsin,1991
2694,1.9025,Wisconsin,1992
2695,3.005,Wisconsin,1993
2696,0.235833333,Wisconsin,1994
2697,0.474166667,Wisconsin,1995
2698,1.9675,Wisconsin,1996
2699,1.535,Wisconsin,1997
2700,0.045833333,Wisconsin,1998
2701,0.075833333,Wisconsin,1999
2702,0.36,Wisconsin,2000
2703,1.555833333,Wisconsin,2001
2704,1.600833333,Wisconsin,2002
2705,-0.94,Wisconsin,2003
2706,0.506666667,Wisconsin,2004
2707,-1.339166667,Wisconsin,2005
2708,-1.570833333,Wisconsin,2006
2709,-0.180833333,Wisconsin,2007
2710,1.0475,Wisconsin,2008
2711,0.261666667,Wisconsin,2009
2712,1.490833333,Wisconsin,2010
2713,1.39,Wisconsin,2011
2714,-1.636666667,Wisconsin,2012
2715,1.7525,Wisconsin,2013
2716,2.44,Wisconsin,2014
2717,1.6725,Wisconsin,2015
2718,3.4425,Wisconsin,2016
2719,4.225,Wisconsin,2017
2720,3.313333333,Wisconsin,2018
2721,5.51,Wisconsin,2019
2722,4.42,Wisconsin,2020
2723,-0.571666667,Wisconsin,2021
2724,-0.103333333,Wisconsin,2022
2725,-17.15416667,Wisconsin,2023
2726,-1.673333333,Wyoming,1966
2727,1.636666667,Wyoming,1967
2728,3.023333333,Wyoming,1968
2729,0.686666667,Wyoming,1969
2730,1.110833333,Wyoming,1970
2731,3.079166667,Wyoming,1971
2732,3.314166667,Wyoming,1972
2733,3.219166667,Wyoming,1973
2734,0.193333333,Wyoming,1974
2735,1.151666667,Wyoming,1975
2736,1.054166667,Wyoming,1976
2737,-3.090833333,Wyoming,1977
2738,1.415833333,Wyoming,1978
2739,-0.079166667,Wyoming,1979
2740,-0.16,Wyoming,1980
2741,-1.910833333,Wyoming,1981
2742,2.39,Wyoming,1982
2743,4.994166667,Wyoming,1983
2744,3.749166667,Wyoming,1984
2745,-1.011666667,Wyoming,1985
2746,1.5325,Wyoming,1986
2747,-1.085833333,Wyoming,1987
2748,-3.680833333,Wyoming,1988
2749,-4.1175,Wyoming,1989
2750,-2.939166667,Wyoming,1990
2751,0.0925,Wyoming,1991
2752,-2.275833333,Wyoming,1992
2753,2.146666667,Wyoming,1993
2754,0.320833333,Wyoming,1994
2755,3.921666667,Wyoming,1995
2756,3.534166667,Wyoming,1996
2757,4.110833333,Wyoming,1997
2758,3.8825,Wyoming,1998
2759,3.3425,Wyoming,1999
2760,-3.44,Wyoming,2000
2761,-6.195,Wyoming,2001
2762,-7.363333333,Wyoming,2002
2763,-4.811666667,Wyoming,2003
2764,-4.5825,Wyoming,2004
2765,-2.811666667,Wyoming,2005
2766,-3.440833333,Wyoming,2006
2767,-4.808333333,Wyoming,2007
2768,-1.268333333,Wyoming,2008
2769,0.570833333,Wyoming,2009
2770,0.885,Wyoming,2010
2771,1.871666667,Wyoming,2011
2772,-3.966666667,Wyoming,2012
2773,-3.505833333,Wyoming,2013
2774,1.965833333,Wyoming,2014
2775,-0.118333333,Wyoming,2015
2776,-0.289166667,Wyoming,2016
2777,0.609166667,Wyoming,2017
2778,-0.039166667,Wyoming,2018
2779,1.495833333,Wyoming,2019
2780,-0.759166667,Wyoming,2020
2781,-4.576666667,Wyoming,2021
2782,-3.955,Wyoming,2022
2783,-16.19916667,Wyoming,2023